순위,검색 키워드,영상 제목,채널명,업로드 날짜,조회수,좋아요수,댓글수,조회수_log
1,韓国旅行,2泊3日韓国旅行で5000万ウォン使い切れるまで帰れませんw【ヒカキンTVスペシャル】,HikakinTV,2023-03-28,16749518,119657,5642,16.633880099405115
2,韓国旅行,【意外と日本人知らない⁉️】韓国で「やってはいけないこと」5選 #韓国 #韓国旅行 #韓国人 #shorts #short,きばるん 키바룬,2023-05-12,6948178,179065,2209,15.75399016882072
3,ソウル観光,【意外と日本人知らない⁉️】韓国で「やってはいけないこと」5選 #韓国 #韓国旅行 #韓国人 #shorts #short,きばるん 키바룬,2023-05-12,6948178,179065,2209,15.75399016882072
4,韓国旅行,【日本人の8割は知らない⁉️】日韓別「トイレ行く時」の違い　#韓国 #韓国旅行 #韓国人 #shorts #short,きばるん 키바룬,2024-08-27,6472718,51033,1613,15.683106825493129
5,韓国旅行,【爆笑】仲良し4人組が韓国旅行で朝まで大暴れwww,平成フラミンゴ,2023-07-21,5816083,60549,2306,15.576137741007289
6,韓国旅行,親友に右左どっちで韓国旅行プレゼントしてみたww,ブルーシー【Blue  Sea】,2024-09-21,5448883,153295,769,15.510921375028854
7,韓国ファッション,韓国好きで美容整形を繰り返す白人女性が話題に、、、#kpop #韓国 #ive #wonyoung,KPOP総書記,2025-04-21,5186376,37682,1591,15.461545938157785
8,韓国女子旅,【最終回】ソウル生まれの韓国人が初めて日本の東京にきたら驚きの連続だった3泊4日！,ジュジュワールドJUJUWORLD,2024-04-14,4806037,38091,1510,15.38538360203048
9,韓国旅行,韓国から日本に帰って気付いたこと #韓国 #韓国旅行 #shorts,きむあずまの韓国チャンネル,2023-09-12,4680905,36422,651,15.359002238901343
10,韓国旅行,平フラととうあと韓国旅行が楽しすぎたwww,中町綾チャンネル,2023-06-10,4645818,44695,907,15.35147823330995
11,韓国旅行,㊗️４００万再生㊗️韓国に負けた？春節25万人が韓国へ、それでも日本は消費額最高更新の訳 #春節 #中国人観光客 #韓国旅行,ザッツ雑学ニュース,2026-02-03,4456371,108276,1409,15.309845540049094
12,韓国女子旅,日本と韓国の女性の歩き方の違い #韓国旅行 #韓国 #shorts,きむあずまの韓国チャンネル,2023-07-19,4444599,21386,984,15.307200434129506
13,韓国旅行,日本と韓国の女性の歩き方の違い #韓国旅行 #韓国 #shorts,きむあずまの韓国チャンネル,2023-07-19,4444599,21386,984,15.307200434129506
14,韓国旅行,韓国のトイレ事情3選 #韓国旅行 #韓国 #shorts,きむあずまの韓国チャンネル,2023-05-04,4353524,83263,854,15.286496419740349
15,韓国コスメ,激安すぎるTEMUの怪しいコスメ買ったら全部ヤバすぎた#shorts #beauty #makeup,梨木,2025-06-12,4292804,95567,829,15.27245092339378
16,韓国コスメ,飲み会ガチ勢の本命リップ🍻💄エイプリルスキンのリップタトゥー❤️Qoo10で買えるよー！ #エイプリルスキン#コスメ#リップタトゥー#韓国コスメ#飲み会リップ,EMME [エメ] / コスメ・美容,2025-12-19,4194758,52765,283,15.249346446888708
17,韓国旅行,【🇰🇷韓国屋台おでんの食べ方‼️】#韓国語 #韓国語勉強 #韓国語学習 #韓国ドラマ #韓国語レッスン #한국어 #일본어 #韓国旅行,サットン★韓国語先生,2023-12-07,4052065,96620,520,15.214737432470773
18,韓国旅行,2泊3日韓国4人旅が面白すぎて最高www,とうあ,2023-06-10,3925360,40958,508,15.182968879491542
19,韓国コスメ,涙袋のかげクマみたいになっちゃうなら🧸#メイク#メイクアップ#化粧#化粧品#おすすめ#コスメ#コスメレポ#韓国#韓国コスメ#プチプラ#プチプラコスメ#デパコス#コスメ紹介#バズりコスメ#アイメイク,のあこ💭コスメと美容,2024-07-21,3782664,59644,146,15.145939345636398
20,韓国旅行,韓国と日本のファッションの違い【女性編】,きむあずまの韓国チャンネル,2023-12-24,3611308,22004,1040,15.099580868462281
21,韓国ファッション,韓国と日本のファッションの違い【女性編】,きむあずまの韓国チャンネル,2023-12-24,3611308,22004,1040,15.099580868462281
22,韓国旅行,【韓国旅行】海外初心者のクセに、イキってノープランで韓国に行ってみた,うじとうえだ,2024-10-18,3582681,20673,1425,15.091622239906272
23,韓国女子旅,韓国【韓国行く前に知ってたら5倍旅行が楽しくなる方法を8つ教えるな！】,りょうまい夫婦 -おでかけ夫婦-,2023-05-04,3576927,114108,833,15.090014889439187
24,ソウル観光,韓国【韓国行く前に知ってたら5倍旅行が楽しくなる方法を8つ教えるな！】,りょうまい夫婦 -おでかけ夫婦-,2023-05-04,3576927,114108,833,15.090014889439187
25,韓国旅行,韓国【韓国行く前に知ってたら5倍旅行が楽しくなる方法を8つ教えるな！】,りょうまい夫婦 -おでかけ夫婦-,2023-05-04,3576927,114108,833,15.090014889439187
26,韓国旅行,【2泊3日】地元の友達と韓国旅行で1000万円使ったら楽しすぎて人生最高の思い出できたwwwww,コムドット,2024-05-04,3228953,38692,2441,14.987668803742377
27,ソウル観光,男ひとりで韓国 ソウル旅行に行ってみた！,スーツ 旅行 / Suit Travel,2023-03-10,3189653,14844,2038,14.975423004928544
28,韓国旅行,韓国旅行で失敗しない！1+1の買い方🇰🇷🛍️,ジンくん『韓国旅行ガイド』,2026-02-25,3161018,45552,315,14.96640500193578
29,Kpop聖地巡り,#VocalDanceCover #SPOT #zico #jennie #kpop #coverdance #coversong #cover #药药 #yaoyao #지코 #제니 #스팟,yao_feilin,2024-04-29,3054155,239049,2015,14.932013844006246
30,ソウル観光,日帰りで韓国旅行楽しむ方法🇰🇷#韓国 #韓国旅行 #もちもーち,おかじゅん,2024-05-02,3051662,73451,533,14.931197245892697
31,韓国女子旅,日帰りで韓国旅行楽しむ方法🇰🇷#韓国 #韓国旅行 #もちもーち,おかじゅん,2024-05-02,3051662,73451,533,14.931197245892697
32,韓国旅行,日帰りで韓国旅行楽しむ方法🇰🇷#韓国 #韓国旅行 #もちもーち,おかじゅん,2024-05-02,3051662,73451,533,14.931197245892697
33,韓国旅行,【恩返し】せいらとお母さんと2泊3日で韓国旅行したら楽しすぎたwwww,コムドット,2023-11-22,3003723,44900,2488,14.915363410148496
34,韓国旅行,親友と行く初の韓国旅行が最高すぎたwwww,平成フラミンゴ,2022-10-27,2900432,42703,912,14.880370594155849
35,ソウル観光,Snow Man【ソウルを満喫~前編】初韓国にテンションあげあげ！,Snow Man,2025-08-27,2666512,70087,2157,14.796282184315617
36,韓国コスメ,【これヤバい】ペリペラのネーミングがクセつよでもはや色がわからん #shorts #コスメ #美容 #メイク #韓国コスメ #垢抜け,ビビちゃん🧚‍♀️コスメ界のビビディバビディブー【美容】,2025-12-24,2567224,47397,138,14.758336106966578
37,韓国旅行,彼女と始めて韓国旅行に行くと思わせてまさかの東京の原宿（韓国風）に連れて行ってみたと😓＃原宿#竹下通り＃韓国#ウィグルウィグル,べぃみぃカップル,2025-01-30,2554574,0,182,14.75339642727502
38,韓国旅行,（✅保存！）韓国バスの乗り方、絶対見てね〜！🇰🇷,ジンくん『韓国旅行ガイド』,2025-08-11,2527147,17336,188,14.742601952126634
39,ソウル観光,【江頭史上１位】最高の韓国屋台めしを食べ尽くす！ Seoul Street Food,エガちゃんねる EGA-CHANNEL,2024-09-01,2490436,31567,1803,14.727968755050247
40,韓国グルメ,【江頭史上１位】最高の韓国屋台めしを食べ尽くす！ Seoul Street Food,エガちゃんねる EGA-CHANNEL,2024-09-01,2490436,31567,1803,14.727968755050247
41,韓国女子旅,もしもナンパされたら、、、#shorts  #韓国女子旅  #かんあきチャンネル,Kan & Aki's CHANNELかんあきチャンネル,2025-03-11,2425880,31792,193,14.701705315345702
42,韓国コスメ,コスメ好きと車好きがブチギレる行動,コスメヲタちゃんねるサラ,2026-01-17,2414231,50117,339,14.696891782069777
43,韓国コスメ,これ...私だけ微妙って思ってる？ 🧐 正直微妙だったティント、新作が神すぎた件ｗｗｗ,好奇心隊長もんちゃん,2025-03-25,2393081,64182,177,14.688092632914373
44,韓国旅行,韓国おすすめグルメ3選,ハシダ,2023-11-26,2378849,61728,491,14.682127735594857
45,韓国女子旅,【知らないと危険😱】韓国旅行でよくあるトラブル3選⚠️ #shorts #韓国旅行Vlog #韓国旅行 #海外旅行 #韓国仕入れ #韓国 #ソウル旅行 #渡韓 #naver,どんどんコリア / 韓国バイヤー,2023-04-24,2369699,34710,820,14.67827392282062
46,韓国旅行,【知らないと危険😱】韓国旅行でよくあるトラブル3選⚠️ #shorts #韓国旅行Vlog #韓国旅行 #海外旅行 #韓国仕入れ #韓国 #ソウル旅行 #渡韓 #naver,どんどんコリア / 韓国バイヤー,2023-04-24,2369699,34710,820,14.67827392282062
47,ソウル観光,【知らないと危険😱】韓国旅行でよくあるトラブル3選⚠️ #shorts #韓国旅行Vlog #韓国旅行 #海外旅行 #韓国仕入れ #韓国 #ソウル旅行 #渡韓 #naver,どんどんコリア / 韓国バイヤー,2023-04-24,2369699,34710,820,14.67827392282062
48,韓国女子旅,アラサー独身女の韓国一人旅がトラブルだらけで早く日本帰りたいわけ,にこちゃん放送局,2024-01-25,2217135,32966,2215,14.611726830875746
49,韓国女子旅,【220万再生】北海道で出会った、日本人の忘れられない優しさ,World Meets JAPAN,2025-11-05,2216276,25932,1060,14.611339319037462
50,韓国グルメ,【🇰🇷釜山グルメ】朝市の屋台で『絶品ホルモンスープ』からの食べ歩き飲み歩き‼️【釜山旅行 後編】,【大人の韓国グルメ】ココちゃんねる／코코채널,2022-11-24,2042449,8203,400,14.529660625612498
51,韓国旅行,【日本人の8割は知らない⁉️】韓国でやったら「危険な行為」 #韓国 #韓国人 #韓国旅行,きばるん 키바룬,2026-01-22,2033813,26957,297,14.525423405981526
52,韓国ファッション,知らないとヤバイ‼️韓国で今🇰🇷この服着るの禁止🚫 #韓国 #韓国旅行 #渡韓 #渡韓情報 #韓国最新 #short #shorts,ぼっちな韓国オタク🇰🇷みちゃん,2025-07-03,2033462,26587,198,14.525250808933983
53,韓国旅行,【韓国vlog】旅行を楽しむ才能ゼロの男３人の韓国旅行最終日。,うじとうえだ,2024-11-16,2028954,12200,559,14.523031440148996
54,韓国旅行,【日本人の8割は知らない⁉️】韓国人が日本来て「恥ずかしい瞬間」第一位 #韓国 #韓国旅行 #韓国人,きばるん 키바룬,2026-02-12,2028774,23322,209,14.522942720593916
55,韓国旅行,【友達20年目】地元の友達と韓国旅行で1000万円使ったら楽しすぎて人生最高の思い出できたwwwwwww(後編),コムドット,2024-05-06,2020692,37796,2504,14.518951079849499
56,韓国旅行,【飲みトーク】韓国旅行を振り返って、絶対言っちゃダメな話までし始める男たち。,うじとうえだ,2024-11-22,2001972,11531,782,14.509643752252872
57,韓国ファッション,【ソウル🇰🇷お買い物】韓国行ったら東大門でないとショッピングがオススメ!　#shorts #韓国vlog #ソウル旅行 #韓国旅行 #韓国転売 #東大門  #東大門夜市 #韓国ショッピング,どんどんコリア / 韓国バイヤー,2023-05-03,1962332,35919,163,14.489644629476468
58,ソウル観光,【ソウル🇰🇷お買い物】韓国行ったら東大門でないとショッピングがオススメ!　#shorts #韓国vlog #ソウル旅行 #韓国旅行 #韓国転売 #東大門  #東大門夜市 #韓国ショッピング,どんどんコリア / 韓国バイヤー,2023-05-03,1962332,35919,163,14.489644629476468
59,韓国コスメ,白すぎて困る韓国アイドルたち #韓国アイドル #kpop #韓国コスメ #twice,MY KOREA,2025-06-18,1920117,29596,267,14.467897200448812
60,韓国旅行,上司に韓国旅行じゃなくて「缶コーク」をプレゼントしてみた。,けーさんとたろー,2024-05-11,1893541,20134,1938,14.453959707224014
61,韓国旅行,ご無沙汰しております。初めて日本に来た韓国人から衝撃な話を聞いて泣きました...,IKITERU【イキテル】,2025-08-26,1851202,39780,6688,14.431346255990677
62,韓国ファッション,韓国ギャルコーデを全身しまらむらで組んでみた！！激安でびっくり‼️,ののち,2025-11-22,1847072,37893,173,14.429112781952048
63,韓国旅行,オリーブヤング第1位見つけたら即買い✨ #韓国 #韓国旅行 #韓国旅行情報 #渡韓 #渡韓情報 #ソウル #ソウル旅行 #韓国美容 #short #shorts,ぼっちな韓国オタク🇰🇷みちゃん,2024-09-02,1830786,17271,10,14.420256487015418
64,韓国コスメ,オリーブヤング第1位見つけたら即買い✨ #韓国 #韓国旅行 #韓国旅行情報 #渡韓 #渡韓情報 #ソウル #ソウル旅行 #韓国美容 #short #shorts,ぼっちな韓国オタク🇰🇷みちゃん,2024-09-02,1830786,17271,10,14.420256487015418
65,韓国旅行,久々の韓国旅行で充実した1日すぎて参考にしてくれよ‼️,中町綾チャンネル,2024-12-04,1796266,17862,365,14.401221180492035
66,ソウル観光,韓国ってこんなに楽しい🇰🇷１泊２日で初めてのソウルを遊び尽くす,Maibaru Travel,2024-06-29,1765237,45349,4999,14.383796083451507
67,韓国旅行,韓国ってこんなに楽しい🇰🇷１泊２日で初めてのソウルを遊び尽くす,Maibaru Travel,2024-06-29,1765237,45349,4999,14.383796083451507
68,ソウル観光,【海外女ひとり旅】語学力ゼロで突撃！1人で韓国グルメと観光を大満喫してきた。【ソウル】,Sunchannel,2023-12-30,1749625,23110,1081,14.37491260877383
69,韓国女子旅,【海外女ひとり旅】語学力ゼロで突撃！1人で韓国グルメと観光を大満喫してきた。【ソウル】,Sunchannel,2023-12-30,1749625,23110,1081,14.37491260877383
70,韓国グルメ,【韓国】明洞で美人マネージャーと買い物したり美味しい物を食べました,ダイアン津田のゴイゴイスーチャンネル,2025-02-22,1716713,12971,588,14.35592255640722
71,韓国旅行,【韓国】明洞で美人マネージャーと買い物したり美味しい物を食べました,ダイアン津田のゴイゴイスーチャンネル,2025-02-22,1716713,12971,588,14.35592255640722
72,ソウル観光,【韓国】明洞で美人マネージャーと買い物したり美味しい物を食べました,ダイアン津田のゴイゴイスーチャンネル,2025-02-22,1716713,12971,588,14.35592255640722
73,韓国コスメ,韓国コスメに衝撃を受けた外国人,ショートスマイル,2025-12-31,1704692,41912,210,14.348895593836223
74,韓国女子旅,マジで明日も韓国行きたい！！！！,さしはらちゃんねる,2023-07-21,1682451,17806,912,14.335762811119322
75,韓国ファッション,韓国女子は今何着てる？おしゃれな人の服の組み合わせ #shorts #韓国ファッション,韓国ファッションマガジンLapiLapi,2023-05-09,1650039,19031,62,14.316310088007162
76,韓国旅行,韓国でシール爆買いここに行け !,URITRIP,2025-12-10,1621909,12013,100,14.29911502506501
77,韓国コスメ,【没収!?】韓国旅行持ち帰りNGお土産 #渡韓 #ソウル旅行 #韓国ショッピング #韓国旅行 #韓国旅行vlog #ソウル #韓国コスメ #海外旅行,【韓国情報】どんどんコリア,2023-09-07,1618908,20185,181,14.297263023544554
78,ソウル観光,【没収!?】韓国旅行持ち帰りNGお土産 #渡韓 #ソウル旅行 #韓国ショッピング #韓国旅行 #韓国旅行vlog #ソウル #韓国コスメ #海外旅行,【韓国情報】どんどんコリア,2023-09-07,1618908,20185,181,14.297263023544554
79,韓国女子旅,【没収!?】韓国旅行持ち帰りNGお土産 #渡韓 #ソウル旅行 #韓国ショッピング #韓国旅行 #韓国旅行vlog #ソウル #韓国コスメ #海外旅行,【韓国情報】どんどんコリア,2023-09-07,1618908,20185,181,14.297263023544554
80,韓国旅行,【没収!?】韓国旅行持ち帰りNGお土産 #渡韓 #ソウル旅行 #韓国ショッピング #韓国旅行 #韓国旅行vlog #ソウル #韓国コスメ #海外旅行,【韓国情報】どんどんコリア,2023-09-07,1618908,20185,181,14.297263023544554
81,ソウル観光,Snow Man【ソウルを満喫~後編】全てがサイコーでした！,Snow Man,2025-09-03,1604953,51365,1613,14.288605653699397
82,韓国旅行,韓国旅行の帰りに空港でチェックインしようとしたら満席だった話 #韓国旅行 #韓国 #shorts,きむあずまの韓国チャンネル,2023-10-30,1589614,7657,277,14.279002406511408
83,韓国旅行,【韓国旅行】べろべろの状態から動画をはじめてみた in 韓国,うじとうえだ,2024-10-25,1580165,13490,761,14.273040462775528
84,韓国コスメ,プチプラでも最強！ウォンヒ愛用ハイライト#kpop #illit #ウォンヒ #コスメ,Kアイドルランド,2025-09-20,1569137,32101,49,14.266036981958333
85,韓国コスメ,ニキビ肌でも韓国アイドルの美肌は手に入れられます🤫🩵#メイク #ベースメイク #메이크업,葉月ひまり,2025-04-11,1555791,37118,132,14.257495298692485
86,韓国コスメ,これ韓国にはない？韓国人が本気でハマった日本の神コスメ💖,好奇心隊長もんちゃん,2025-03-13,1553516,44709,154,14.256031950787229
87,韓国女子旅,【Vlog】念願の韓国旅行🇰🇷✈️旅行中の胃袋は無限大🥟🍟💦大充実した２泊３日！オススメスポット、グルメ、買い物、食べ歩き🍻💕,Amaneあまね,2023-04-07,1552594,24107,1140,14.255438282544048
88,韓国旅行,【Vlog】念願の韓国旅行🇰🇷✈️旅行中の胃袋は無限大🥟🍟💦大充実した２泊３日！オススメスポット、グルメ、買い物、食べ歩き🍻💕,Amaneあまね,2023-04-07,1552594,24107,1140,14.255438282544048
89,韓国旅行,韓国のコンバースを持ち帰る方法 #韓国 #韓国コンバース #shorts,きむあずまの韓国チャンネル,2023-05-23,1546488,16484,275,14.251497758246531
90,韓国ファッション,韓国のコンバースを持ち帰る方法 #韓国 #韓国コンバース #shorts,きむあずまの韓国チャンネル,2023-05-23,1546488,16484,275,14.251497758246531
91,ソウル観光,#渡韓準備 #韓国旅行計画 #韓国旅行情報 #韓国旅行 #韓国旅行持ち物 #韓国スタバ #韓国 #ソウル #コスパ旅 #ソウルコスパ旅,コスパ旅,2024-05-30,1535563,15302,248,14.24440829822887
92,韓国旅行,#渡韓準備 #韓国旅行計画 #韓国旅行情報 #韓国旅行 #韓国旅行持ち物 #韓国スタバ #韓国 #ソウル #コスパ旅 #ソウルコスパ旅,コスパ旅,2024-05-30,1535563,15302,248,14.24440829822887
93,韓国コスメ,リップを分解してみたら...,UMAKO🇰🇷 韓国ビューティーオタク,2026-02-05,1534958,13643,66,14.244014228548993
94,韓国ファッション,秋の寒暖差にもしっかり対応するよ☝🏻⸒⸒#秋服 #秋コーデ #プチプラ #高身長コーデ #韓国ファッション #ファッション #ootd #コーデ #秋 #おすすめ,ハヌル하늘,2025-09-23,1533851,10482,29,14.24329277646347
95,韓国旅行,日本人が大好きなのに韓国人は食べない韓国の食べ物3選　#韓国料理 #韓国旅行 #youtuberjin,韓国 JIN,2025-03-01,1460242,5050,312,14.194113418191357
96,韓国コスメ,【渡韓vlog】韓国コスメつめ放題イベントに参加してみたらヤバすぎた！デイジーク人気アイテムもゲットできるチャンスのおすすめスポット！#shorts,東京いいねちゃんyoutube,2025-04-21,1441305,18543,41,14.181060204971015
97,ソウル観光,【韓国🇰🇷】はじめての韓国旅行で絶対に行きたいお店-13選-,りょうまい夫婦 -おでかけ夫婦-,2024-06-13,1436046,40095,107,14.177404757859712
98,韓国旅行,【韓国🇰🇷】はじめての韓国旅行で絶対に行きたいお店-13選-,りょうまい夫婦 -おでかけ夫婦-,2024-06-13,1436046,40095,107,14.177404757859712
99,韓国女子旅,【韓国】女ひとり爆食ツアー！2泊3日で8軒も名物店を巡って食欲解放した弾丸グルメ旅！,しやごちゃんねる＠グルメ旅,2023-08-02,1434371,14390,979,14.176237680725592
100,韓国グルメ,【韓国】女ひとり爆食ツアー！2泊3日で8軒も名物店を巡って食欲解放した弾丸グルメ旅！,しやごちゃんねる＠グルメ旅,2023-08-02,1434371,14390,979,14.176237680725592
101,ソウル観光,【韓国】女ひとり爆食ツアー！2泊3日で8軒も名物店を巡って食欲解放した弾丸グルメ旅！,しやごちゃんねる＠グルメ旅,2023-08-02,1434371,14390,979,14.176237680725592
102,韓国旅行,【9割これ‼️】日本旅行行った「韓国人の特徴」 #韓国 #韓国人 #韓国旅行,きばるん 키바룬,2025-12-30,1427321,10211,136,14.171310519217279
103,韓国ファッション,韓国で服を買ったのに外に出れない #shorts,kottyくらぶ,2025-01-24,1361907,24315,43,14.124397215686209
104,韓国グルメ,【大食い女の爆食旅】韓国グルメ食べ歩き！広蔵市場うまいもん通りで満足するまで帰りたくありません【VLOG】【大食い女の日常】【モッパン】【MUKBANG】,ロシアン佐藤『おなかがすいたらMONSTER!』,2024-06-30,1358718,11249,342,14.12205290206989
105,韓国女子旅,★Vlog★かんあき女子旅！夢のディズニーランド♪,Kan & Aki's CHANNELかんあきチャンネル,2025-10-02,1310034,8678,390,14.085564412377678
106,韓国旅行,韓国旅行のベストシーズンを教えるKH #shorts,KH / Killin9Hit,2026-03-10,1308129,21623,243,14.084109194439788
107,韓国女子旅,★Vlog★ホテルのリビングにスパ！？テンション高めの韓国女子旅！Day1,Kan & Aki's CHANNELかんあきチャンネル,2025-03-25,1305501,10185,376,14.082098199100232
108,韓国コスメ,こう使うの知ってた？🫣💭#メイク#コスメ#韓国#韓国コスメ#アイメイク#パーフェクトダイアリー,ねね🧸バズコスメ愛好家,2023-01-17,1305256,6750,48,14.081910514215705
109,韓国女子旅,【女子旅】みおなぎママで韓国旅行に行ってきました♡,みおなぎはん,2024-11-09,1288859,8306,0,14.069268664696077
110,韓国旅行,【女子旅】みおなぎママで韓国旅行に行ってきました♡,みおなぎはん,2024-11-09,1288859,8306,0,14.069268664696077
111,韓国旅行,ソウル旅🇰🇷観光せず韓国グルメ20軒。【アジア#53】2024年10月22日〜11月5日,しげ旅,2025-02-23,1260451,13582,1175,14.046980944758111
112,ソウル観光,ソウル旅🇰🇷観光せず韓国グルメ20軒。【アジア#53】2024年10月22日〜11月5日,しげ旅,2025-02-23,1260451,13582,1175,14.046980944758111
113,韓国ファッション,トレンドハンターが韓国ファッション爆買いしたら８人ぐらいから求婚される予定,にこちゃん放送局,2024-01-30,1257208,21266,1490,14.044404742645437
114,韓国コスメ,涙袋の作り方💗🫶🏻 #韓国コスメ #wonjungyo,南 聖羅 Seira Minami,2023-07-10,1256460,65532,57,14.043809596884794
115,韓国旅行,ふくれなと弾丸韓国旅行わず,とうあ,2025-11-27,1252524,23848,498,14.040672071821797
116,ソウル観光,【韓国旅行】流行りの韓国ソウルひとり旅　面白いのでまた行きました！,スーツ 旅行 / Suit Travel,2023-05-03,1244191,8834,541,14.033996881207953
117,韓国コスメ,#ウォニョン #イヴ #アイヴ #kポップ #アイドル #韓国アイドル #垢抜け #垢抜けたい #美白 #色白 #日焼け止め #日傘,ゆりあ🤍【ダイエットと垢抜け】,2024-12-15,1241769,19713,110,14.032048339141483
118,ソウル観光,【旅動画❤️🇰🇷✈️】アレン様💖✨美容＆観光トロつきツアー💕💎🌹in 韓国ソウル🇰🇷,アレン様のゥｯトﾘ・ブチｷﾞレ人生,2025-10-19,1227445,24691,812,14.020446145829782
119,ソウル観光,【ソウル】韓国グルメと酒池肉林の旅！！【カンジャンケジャン】,無敵のレオ【世界1人旅】,2024-04-27,1224182,11735,575,14.017784240682854
120,韓国旅行,【ドッキリ】韓国旅行中の親友の寝起きに『サメ』持って突撃して捌いてもらったら喧嘩になった！#shorts,とみビデオ,2026-01-11,1216217,24409,342,14.01125660175596
121,韓国ファッション,【最高すぎる神サンダル🤍】履くだけでスタイルアップが叶う✨#shorts #fashion #wego #ウィゴー #outfit #韓国ファッション #ギャル #y2k #トレンド,WEGOゆーちゅー部 -WEGO公式-,2025-03-17,1206807,10350,34,14.003489415346827
122,韓国旅行,【韓国旅行✈️🇰🇷】韓国で一番の食べ歩きスポットで胃袋がはちきれる寸前まで食べ放題してきた,エミリンチャンネル,2024-03-10,1202101,11639,213,13.999582249046057
123,ソウル観光,韓国ソウルグルメ旅#2【パクリ文化】【カンジャンケジャン】,ノージョブフドウch. 【nojob.fudou.ch】,2023-03-25,1184161,11906,980,13.984545909390818
124,韓国コスメ,韓国でコスメを買うとき絶対やっちゃダメ🙅‍♀️NG行為‼️知らないでやったら怒られる💦気をつけてね #韓国 #韓国情報 #韓国旅行 #韓国旅行情報 #韓国旅行情報最新 #渡韓 #渡韓情報,ぼっちな韓国オタク🇰🇷みちゃん,2023-10-12,1119634,22948,103,13.928513297299517
125,韓国旅行,弾丸韓国旅行vlog🇰🇷💖✨大好きなdasiqueのいけてサイコウ🍃#vlog #韓国旅行 #美容課金 #肌管理  #dasique #medicube #fwee #オリーブヤング,˗ˏˋ あやかちゃんˎˊ˗,2024-09-22,1104832,31425,61,13.915204750290798
126,韓国コスメ,ローソンとロムアンドの新作コラボが衝撃すぎた...🙀#韓国コスメ #コスメ紹介 #ローソン #ロムアンド,짱키티【ﾁｬﾝｷﾃｨ】せっかちVlog,2025-11-05,1100549,18100,93,13.91132061281025
127,韓国旅行,【衝撃】帰国便ギリギリに行ってきた眉アートVlog🇰🇷✈️ 予約困難で絶対行きたかったところ⸝⸝ʚ̴̶̷̆_ʚ̴̶̷̆⸝⸝✨️#渡韓 #韓国旅行 #美容 #眉アート #韓国,짱키티【ﾁｬﾝｷﾃｨ】せっかちVlog,2025-09-03,1088874,17018,72,13.900655611121193
128,韓国コスメ,espoirでチーク作りがたのしすぎた#韓国#韓国旅行#韓国コスメ,Nanaちゃんねる,2025-02-03,1082045,36152,73,13.894364251348092
129,韓国旅行,意外と知らない😱実は韓国で買った方がいいモノ✨#韓国 #韓国旅行 #韓国旅行情報 #韓国情報 #渡韓 #渡韓情報 #ソウル #ソウル旅行 #shorts #short,ぼっちな韓国オタク🇰🇷みちゃん,2024-06-17,1078552,17402,59,13.89113088593121
130,ソウル観光,意外と知らない😱実は韓国で買った方がいいモノ✨#韓国 #韓国旅行 #韓国旅行情報 #韓国情報 #渡韓 #渡韓情報 #ソウル #ソウル旅行 #shorts #short,ぼっちな韓国オタク🇰🇷みちゃん,2024-06-17,1078552,17402,59,13.89113088593121
131,韓国ファッション,意外と知らない😱実は韓国で買った方がいいモノ✨#韓国 #韓国旅行 #韓国旅行情報 #韓国情報 #渡韓 #渡韓情報 #ソウル #ソウル旅行 #shorts #short,ぼっちな韓国オタク🇰🇷みちゃん,2024-06-17,1078552,17402,59,13.89113088593121
132,韓国コスメ,永久保存版‼️韓国コスメ偽物か本物か3秒で見分けられる方法👀 #韓国 #韓国情報 #韓国最新 #韓国最新情報 #渡韓 #渡韓情報 #韓国旅行 #韓国旅行情報 #shorts #short,ぼっちな韓国オタク🇰🇷みちゃん,2024-01-20,1074934,41559,106,13.887770752599533
133,ソウル観光,【韓国旅行】気をつけること4選〜初心者編〜　#korea #韓国 #shorts,March Travelまーちトラベル,2023-06-13,1068748,0,98,13.881999363560155
134,韓国女子旅,【韓国旅行】気をつけること4選〜初心者編〜　#korea #韓国 #shorts,March Travelまーちトラベル,2023-06-13,1068748,0,98,13.881999363560155
135,韓国旅行,【韓国旅行】気をつけること4選〜初心者編〜　#korea #韓国 #shorts,March Travelまーちトラベル,2023-06-13,1068748,0,98,13.881999363560155
136,韓国旅行,日本を旅行するaespaのカリナには起きなかったこと,日本ジヌーK-POPに関する全て,2026-03-11,1063847,18587,179,13.877403081535816
137,韓国旅行,★Vlog★食べてばっかりの韓国女子旅！明洞のオリヤンでお買い物！,Kan & Aki's CHANNELかんあきチャンネル,2025-04-01,1057393,7481,233,13.871317948471946
138,韓国女子旅,★Vlog★食べてばっかりの韓国女子旅！明洞のオリヤンでお買い物！,Kan & Aki's CHANNELかんあきチャンネル,2025-04-01,1057393,7481,233,13.871317948471946
139,韓国旅行,韓国旅行で使った金額は...🫣❤️みんな何円くらい使ってるかぜひコメントで教えてください🙋🇰🇷#韓国 #ソウル #韓国旅行 #ソウル旅行 #韓国情報 #NEWT #女子旅,NEWT（ニュート）公式,2023-07-14,1057308,15196,55,13.871237558932568
140,韓国コスメ,最新保存版！リピ無し？あり？人気の韓国リップ全部試して正直レビュー #コスメ #美容 #メイク #韓国コスメ #おすすめ,韓国オンニ【日韓コスメ・スキンケア】,2025-07-07,1054232,22070,97,13.8683240462713
141,韓国コスメ,新大久保で話題の韓国コスメショップ「fwee」に行ってみた  #はねまりチャンネル,はねまりチャンネル・HANEMARI Channel,2024-10-02,1049683,11022,79,13.863999724457498
142,韓国コスメ,知らないと没収😭シートマスク何枚まで韓国から日本に持ち帰れる？ #韓国 #韓国情報 #韓国旅行 #韓国旅行情報 #渡韓 #渡韓情報 #韓国最新情報 #shorts #short,ぼっちな韓国オタク🇰🇷みちゃん,2024-05-06,1042080,23494,58,13.856730233398991
143,韓国女子旅,なすちゃんと韓国女子旅で爆あげハローキティルームに泊まったvlogお見せするけどまじ予想以上にキティで爆笑まじむりぶち上がりwとりまキティ爆買いもした,仲里依紗です。,2024-01-20,1029586,16011,180,13.844668308921715
144,韓国コスメ,これは優秀！！今私がおすすめしたい【韓国コスメ5選🇰🇷】#shorts,MISAKI MAKEUP,2025-04-15,1025322,25058,112,13.840518242865372
145,ソウル観光,韓国旅行前のリアル…🇰🇷,宮永えいと,2023-11-21,1004291,16355,158,13.819793373602417
146,韓国旅行,韓国旅行前のリアル…🇰🇷,宮永えいと,2023-11-21,1004291,16355,158,13.819793373602417
147,韓国コスメ,韓国の生活音を再現したい‼️#生活音 #コスメ #jc #韓国,🌀おとちゃ🪐‪,2025-09-17,1003643,19637,455,13.81914793468156
148,韓国旅行,【コムドット】大富豪たちに1000万使った韓国旅行に連れて行ってもらった。,かずえいライフ　kazueilife,2024-05-07,982881,16148,380,13.798244351232084
149,ソウル観光,【90万回再生の保存版・ソウル旅行前に必見‼︎】韓国で300軒食べ歩いたソウル在住YouTuberがオススメする韓国の地元ごはんの美味しい食堂10選‼️,ノスタルジック KOREA by花緒Kao,2022-12-30,969263,15662,946,13.784292299586713
150,韓国コスメ,TIRTIRの下地使ったら悲しいこと起きたからみんな聞いて🥲 #コスメ #美容 #メイク #購入品紹介 #韓国コスメ,韓国オンニ【日韓コスメ・スキンケア】,2025-07-25,968829,5751,53,13.78384443688526
151,韓国旅行,乗る前に知りたかった😭正直リピなし航空会社✈️🇰🇷 #韓国 #韓国情報 #韓国旅行 #韓国旅行情報 #渡韓 #渡韓情報 #韓国最新情報 #shorts #short,ぼっちな韓国オタク🇰🇷みちゃん,2024-05-04,967244,6937,195,13.782207103255008
152,韓国コスメ,大人気のジェリーチークを徹底比較！#ジェリーチーク#チーク#韓国コスメ#fwee#ロムアンド#ヒンス#デイジーク,ミレの日常🎀,2025-04-17,925184,19679,48,13.737748996497228
153,韓国旅行,【韓国旅行🇰🇷】韓国で気になるご飯屋さん全部行って来たと言っても過言ではないし欲しいものも全部買った！！！,エミリンチャンネル,2025-02-19,906776,10037,657,13.71765183337677
154,韓国旅行,誰も教えてくれない😭韓国旅行にお金いくら持っていけばいいの？💸 #韓国 #韓国旅行 #韓国旅行情報 #渡韓 #渡韓情報 #short #shorts,ぼっちな韓国オタク🇰🇷みちゃん,2024-09-04,901737,13507,68,13.712079291219519
155,ソウル観光,誰も教えてくれない😭韓国旅行にお金いくら持っていけばいいの？💸 #韓国 #韓国旅行 #韓国旅行情報 #渡韓 #渡韓情報 #short #shorts,ぼっちな韓国オタク🇰🇷みちゃん,2024-09-04,901737,13507,68,13.712079291219519
156,韓国女子旅,誰も教えてくれない😭韓国旅行にお金いくら持っていけばいいの？💸 #韓国 #韓国旅行 #韓国旅行情報 #渡韓 #渡韓情報 #short #shorts,ぼっちな韓国オタク🇰🇷みちゃん,2024-09-04,901737,13507,68,13.712079291219519
157,韓国コスメ,韓国で別人になりました。#韓国コスメ #韓国スタジオ #韓国コスメ,まいぱん,2025-03-10,894366,26345,96,13.703871484458997
158,韓国旅行,韓国ソウル覇者の旅#1~ALL or NOTHING編~,ノージョブフドウch. 【nojob.fudou.ch】,2025-08-14,892768,19656,1837,13.702083147784132
159,ソウル観光,韓国ソウル覇者の旅#1~ALL or NOTHING編~,ノージョブフドウch. 【nojob.fudou.ch】,2025-08-14,892768,19656,1837,13.702083147784132
160,ソウル観光,韓国のショッピングでここは絶対はずせない👀🛍️ #韓国 #韓国ファッション #韓国観光 #韓国旅行 #韓国情報 #ソウル #ソウル旅行 #ソウル観光 #海外旅行 #NEWT,NEWT（ニュート）公式,2023-05-01,889049,25671,31,13.697908755884093
161,韓国ファッション,韓国のショッピングでここは絶対はずせない👀🛍️ #韓国 #韓国ファッション #韓国観光 #韓国旅行 #韓国情報 #ソウル #ソウル旅行 #ソウル観光 #海外旅行 #NEWT,NEWT（ニュート）公式,2023-05-01,889049,25671,31,13.697908755884093
162,韓国コスメ,ロムアンドの水色パケ！？🩵🪽#ロムアンド #韓国コスメ #コスメ購入品 #コスメオタク #開封動画 #パケ買い #水色オタク #コスメ紹介,ゆっちゃん　　,2025-06-09,884548,20322,68,13.692833189577778
163,韓国旅行,2年ぶり韓国旅行でトラブル起きまくりｽﾍﾟｼｬﾙ🇰🇷,ヘラヘラ三銃士,2025-08-17,874974,7725,351,13.681950593503009
164,韓国旅行,【知らないと後悔！】韓国旅行の必須アイテムリスト #渡韓 #ソウル旅行 #韓国ショッピング #韓国旅行 #韓国旅行vlog #ソウル #韓国コスメ #海外旅行,【韓国情報】どんどんコリア,2023-08-15,872473,14374,29,13.679088133187774
165,ソウル観光,【知らないと後悔！】韓国旅行の必須アイテムリスト #渡韓 #ソウル旅行 #韓国ショッピング #韓国旅行 #韓国旅行vlog #ソウル #韓国コスメ #海外旅行,【韓国情報】どんどんコリア,2023-08-15,872473,14374,29,13.679088133187774
166,韓国旅行,韓国旅行で感じるギャップ5選 #韓国旅行 #韓国 #shorts,きむあずまの韓国チャンネル,2023-07-15,867679,5272,282,13.673578262074887
167,ソウル観光,韓国旅行で感じるギャップ5選 #韓国旅行 #韓国 #shorts,きむあずまの韓国チャンネル,2023-07-15,867679,5272,282,13.673578262074887
168,韓国女子旅,韓国旅行でここだけは危険⚠️行っちゃダメ🙅‍♀️❌ #韓国 #韓国旅行 #渡韓 #渡韓情報 #short #shorts,ぼっちな韓国オタク🇰🇷みちゃん,2025-08-08,864668,10870,62,13.670102053721857
169,韓国旅行,韓国旅行でここだけは危険⚠️行っちゃダメ🙅‍♀️❌ #韓国 #韓国旅行 #渡韓 #渡韓情報 #short #shorts,ぼっちな韓国オタク🇰🇷みちゃん,2025-08-08,864668,10870,62,13.670102053721857
170,ソウル観光,韓国旅行でここだけは危険⚠️行っちゃダメ🙅‍♀️❌ #韓国 #韓国旅行 #渡韓 #渡韓情報 #short #shorts,ぼっちな韓国オタク🇰🇷みちゃん,2025-08-08,864668,10870,62,13.670102053721857
171,韓国女子旅,【韓国vlog】3泊4日の女子旅✈️🇰🇷ひたすら爆買いして遊びまくった。with みゆちゃん,nagomi,2023-08-26,852908,9126,239,13.656408138485082
172,韓国旅行,【韓国旅行で何品食べれる？🇰🇷】,あやんぬ🍔🍊,2025-12-27,832147,13213,111,13.631765588599139
173,韓国コスメ,【名品祭り】小田切ヒロの2025年ベスコス！プチプラ・ドラコス・韓国コスメの下半期ベストを本気で厳選したわよ〜🤍,HIRO BEAUTY CHANNEL,2025-11-29,823205,11581,158,13.620961752105153
174,韓国旅行,マイルズと初めての韓国旅行,kemio,2025-08-16,822448,10509,263,13.62004175362018
175,韓国コスメ,韓国コスメ買ったからメイク動画を久々にやりましたがまじでニキビ消えて食いまくってもOKだよね？ってことがわかりました,仲里依紗です。,2022-08-03,816521,13946,468,13.612809135304008
176,韓国旅行,韓国で”とんでもない異変”が起きています。,トッポギ侍【おがみょんがんちゃん】,2025-10-04,801584,9291,1519,13.594346296562804
177,韓国コスメ,韓国メイクやるしかねえっしょ！#メンズメイク #美男子ヤノ,美男子ヤノ,2024-02-10,798183,14238,47,13.590094426294387
178,韓国ファッション,【ひとり韓国旅行✈️】韓国へ夏服買いに行ってきました🇰🇷,エミリンチャンネル,2025-07-31,784312,7601,43,13.572563454353457
179,韓国旅行,【ひとり韓国旅行✈️】韓国へ夏服買いに行ってきました🇰🇷,エミリンチャンネル,2025-07-31,784312,7601,43,13.572563454353457
180,韓国旅行,釜山旅🇰🇷韓国第二の都市プサンで海鮮グルメ呑み歩き。【アジア#55】2024年11月12日〜16日,しげ旅,2025-03-01,782263,7317,402,13.569947558462701
181,韓国コスメ,おすすめチーク3選❤️#チーク#ピンクコスメ#コスメオタク#コスメ好き#プチプラコスメ#韓国コスメ,ミレの日常🎀,2025-04-05,763948,15531,25,13.546256311993814
182,韓国旅行,【旅行Vlog】親友と行く2泊３日の初韓国旅行が楽しすぎた‼️🇰🇷,むくえなちっく。,2024-02-28,759122,9775,186,13.539919098584187
183,韓国コスメ,案件無し！Qoo10メガ割で狙うならこの韓国リップが神 #コスメ #美容 #韓国コスメ #購入品紹介 #メイク,韓国オンニ【日韓コスメ・スキンケア】,2025-02-28,744112,14949,29,13.519948184002798
184,韓国女子旅,[ Korea Trip ] 2泊3日で行く韓国女子旅🇰🇷 グルメ、買い物、美容…全部欲張って大満喫するソウル🛍️,miku / 未来,2024-03-29,744046,7054,236,13.51985948386297
185,韓国旅行,【韓国釜山２人旅①激ウマ鍋】次くるグルメ「ナッコプセ」に感動！,さまぁ〜ずチャンネル,2025-10-24,739100,7352,331,13.51318986176895
186,韓国コスメ,みな実さん愛用ファンデーション♡ #田中みな実 #エイミー #ファンデーション #韓国コスメ,♡美容インフォ♡,2025-11-21,723729,1950,11,13.492173673636053
187,韓国旅行,韓国で最大のゴーストタウンに行き衝撃を受けました。,トッポギ侍【おがみょんがんちゃん】,2025-10-22,716762,7045,777,13.482500521007015
188,Kpop聖地巡り,#スポットバイトル CM #スポバダンス 公開中！みんなも踊ってみてね✨#スポバ#深澤辰哉 #佐久間大介 #向井康二,バイトル公式チャンネル,2025-04-18,713639,0,0,13.478133912488639
189,韓国コスメ,パーソナルカラー別に、おすすめピンクコスメ紹介＾＾🎀#ピンクコスメ#韓国コスメ #プチプラコスメ #コスメ好き#おすすめコスメ,ミレの日常🎀,2025-05-04,711348,18572,43,13.474918446300578
190,韓国コスメ,【ブルベvsイエベ】韓国コスメだけで似合うメイクを徹底比較！,コスメ雑学 コスメオタクと美容,2025-09-03,704372,9309,27,13.46506332437552
191,ソウル観光,韓国旅行🇰🇷ソウル観光のモデルコース｜絶品グルメ&amp;絶対行くべきスポット【完全保存版】,こやトラベル / Koya Travel,2023-09-16,690371,4208,229,13.444985861729625
192,韓国女子旅,★Vlog★聖水（ソンス）でコスメショップめぐり＆夜までお買い物♪,Kan & Aki's CHANNELかんあきチャンネル,2025-03-29,688812,7302,210,13.442725105320578
193,韓国コスメ,コスメオタクのウォンヒが選ぶ春の苺リップ🍓 #韓国コスメ #ツヤリップ #illit,カナ   KANA,2025-04-07,685022,10408,32,13.437207693323016
194,ソウル観光,夏の旅行に出発✈️初韓国にテンションあがる⤴️ソウルでのお家はどんな感じ❓,KahoSei Channel from Canada,2025-08-09,678296,8865,300,13.42734052410263
195,韓国旅行,夏の旅行に出発✈️初韓国にテンションあがる⤴️ソウルでのお家はどんな感じ❓,KahoSei Channel from Canada,2025-08-09,678296,8865,300,13.42734052410263
196,韓国コスメ,𓊆Qoo10発売中🗓𓊇dasique新作🌸桜コレクション買う前に知りたい本音レポ✍🏻〰︎︎ #韓国コスメ,りちゃ🎀🤍ブルベ夏のコスメレポ,2026-02-13,676925,14492,55,13.425317240159393
197,韓国コスメ,【大量購入品】韓国でも爆買いクイーン👸🤍 韓国コスメ・韓国美容・韓国ファッションを大量購入してきたわよ〜🤍,小田切ヒロの「そうよ〜」な日常,2024-11-25,669109,9249,268,13.413703750108336
198,韓国コスメ,aespaジゼル愛用⁉︎韓国コスメのちゅるちゅるリップが可愛すぎる #コスメ #美容 #メイク #垢抜け #韓国コスメ,韓国オンニ【日韓コスメ・スキンケア】,2025-09-15,668515,11789,25,13.41281560941872
199,韓国旅行,今、仁川空港が「危険な理由」話します。 #韓国 #韓国人 #韓国旅行 #shorts #short,きばるん 키바룬,2025-02-04,663673,16282,237,13.405546344040932
200,韓国コスメ,30分でオリーブヤング爆買いしたからダウンタイム中の韓国コスメメイク動画やったけどまじで参考にならなくて草すぎてれいちゃんまじでほぼ指で仕上げててかわw,仲里依紗です。,2025-05-24,661947,8298,121,13.402942281985002
201,韓国ファッション,【デニムコーデどっちが好き👀💕？？】男ウケ🚹？女ウケ🚺？#shorts #fashion #wego #ウィゴー #韓国ファッション #カジュアル #夏 #コーデ #着こなし #outfit,WEGOゆーちゅー部 -WEGO公式-,2024-06-04,657530,6809,34,13.396247190211584
202,韓国コスメ,目のタイプ別涙袋メイク✨🖇️ #パーソナルカラー診断 #ヘアメイクアップ #涙袋 #涙袋メイク #メイクサロン #メイクレッスン #韓国コスメ #韓国メイク #顔タイプ診断 #makeup #美容,make up by MAHO,2025-10-17,655768,22566,104,13.393563871766098
203,韓国コスメ,これだけは買ってください😇fweeコスメトップ3♡#fwee#コスメオタク#韓国コスメ#フィー#qoo10,ミレの日常🎀,2025-04-28,654658,12330,32,13.39186976836557
204,韓国コスメ,今買うなら絶対こっち！人気リップチーク徹底比較してみたらヤバかった #韓国コスメ #コスメ #美容 #メイク #購入品紹介,韓国オンニ【日韓コスメ・スキンケア】,2025-03-25,650838,9720,24,13.386017578776135
205,韓国ファッション,足を出したくない！韓国女子の夏コーデまとめ #shorts #夏コーデ,韓国ファッションマガジンLapiLapi,2023-06-25,650806,6627,16,13.3859684102618
206,韓国旅行,意外と知らない😱韓国スーパーのヤバすぎるルール💦 #韓国 #韓国旅行 #韓国旅行情報 #韓国情報 #渡韓 #ソウル #ソウル旅行 #渡韓情報 #short #shorts,ぼっちな韓国オタク🇰🇷みちゃん,2024-07-08,650281,6176,41,13.385161393941635
207,ソウル観光,意外と知らない😱韓国スーパーのヤバすぎるルール💦 #韓国 #韓国旅行 #韓国旅行情報 #韓国情報 #渡韓 #ソウル #ソウル旅行 #渡韓情報 #short #shorts,ぼっちな韓国オタク🇰🇷みちゃん,2024-07-08,650281,6176,41,13.385161393941635
208,韓国コスメ,ド派手メイクで水越みさとちゃんとドリンクを作りました,コスメヲタちゃんねるサラ,2026-03-12,649660,14455,347,13.384205967361792
209,韓国旅行,【全部食った】韓国の美味いもんを食べまくって昇天したソウル飯テロ旅【海外eSIM】,ぽんまつはうす,2025-07-16,645190,11999,1298,13.37730167597285
210,ソウル観光,【全部食った】韓国の美味いもんを食べまくって昇天したソウル飯テロ旅【海外eSIM】,ぽんまつはうす,2025-07-16,645190,11999,1298,13.37730167597285
211,韓国ドラマロケ地,【面白NG集】2024年韓国ドラマ面白ハプニングNG集 Kdrama behind the scenes funny moments,ヘンボッ韓,2024-12-10,644449,2263,8,13.376152518832926
212,韓国ファッション,沼確すぎるGU秋冬新作、、🤎🍁*.+ﾟさすがに神コスパです。#gu #guコーデ #gu購入品 #ジーユー #韓国ファッション #おすすめ #秋コーデ #プチプラ #コーデ紹介,ramu ,2025-10-17,642724,7969,16,13.37347222900024
213,韓国コスメ,【プチプラが優秀なのでデパコス捨てた】#コスメ #メイク #おすすめ #新作 #プチプラ #美容 #垢抜け #雑学 #豆知識 #社会人 #韓国コスメ #デパコス #問題,こんぷれちゃん,2025-04-29,637723,9057,80,13.365660866846861
214,ソウル観光,韓国旅行で美味しかったお店TOP5【超厳選】 #韓国 #韓国旅行 #shorts,きむあずまの韓国チャンネル,2023-12-30,636877,13630,36,13.364333393448522
215,韓国旅行,韓国旅行で美味しかったお店TOP5【超厳選】 #韓国 #韓国旅行 #shorts,きむあずまの韓国チャンネル,2023-12-30,636877,13630,36,13.364333393448522
216,ソウル観光,韓国旅行で美味しかったお店TOP5【超厳選】 #韓国 #韓国旅行 #shorts,きむあずまの韓国チャンネル,2023-12-30,636877,13630,36,13.364333393448522
217,韓国旅行,【弾丸で海外旅行】ひとりで韓国行って食べ放題して満腹で帰国した日,エミリンチャンネル,2025-10-24,633984,5682,265,13.359780573833483
218,韓国旅行,【韓国旅行⑤】韓国のお店の注文方法にビックリ！韓国と日本のホテルとの違い！韓国グルメ情報満載！,おぎやはぎトラベル,2024-04-26,633641,3837,157,13.359239405164196
219,韓国コスメ,みんなに聞かれる涙袋💝 #コスメ#プチプラコスメ #コスメ部 #コスメレポ #最新コスメ#優秀コスメ #コスメ情報 #韓国コスメ #コスメレビュー #新作コスメ#アイメイク#涙袋,ちぴこ👩‍💻社畜美容オタクOL,2025-02-18,630783,6969,10,13.354718769132973
220,韓国コスメ,もう...ほんとに好き😭😭😭 #コスメオタク #fwee #韓国コスメ,ミレの日常🎀,2025-10-04,616686,9510,31,13.332116880815775
221,韓国旅行,韓国旅行🇰🇷鉄道で巡る東海岸、途中下車の旅。こんな韓国知らなかった｜江原道・江陵,Maibaru Travel,2024-10-26,614220,19304,1704,13.32811007722169
222,韓国旅行,韓国旅行の買い物でクレジットカード払いする時の落とし穴💦知らないと大損するかもよ😱💸#韓国 #韓国情報 #韓国最新 #韓国最新情報 #韓国旅行 #韓国旅行情報 #韓国旅行情報最新 #short,ぼっちな韓国オタク🇰🇷みちゃん,2023-11-24,614019,9147,69,13.327782779888684
223,韓国女子旅,★Vlog★３姉妹、韓国でアイドルメイク体験とベーグルランチ♪,Kan & Aki's CHANNELかんあきチャンネル,2025-03-28,612346,6908,251,13.325054394278455
224,韓国コスメ,韓国コスメ大活躍🥺💕絶対盛りたい日にするピンクメイク💄#韓国 #コスメ,Amaneあまね,2024-07-25,610734,0,84,13.322418428851133
225,韓国旅行,これ✨千秋の韓国旅行✈️深夜の爆買い⭐️東大門の㊙️買い物極意を紹介します！圧巻の仕入れ風景！でもね、家にいながら東大門と同じ物が買えるって👚👗👖,千秋ちゃんねる,2023-03-31,608163,2622,45,13.318199861417968
226,韓国旅行,韓国の空港からスムーズに飛行機に乗る方法 #韓国旅行 #韓国 #shorts,きむあずまの韓国チャンネル,2023-07-05,607128,7324,61,13.316496568055413
227,ソウル観光,ソウル旅🇰🇷観光少し韓国グルメ17軒。【アジア#54】2024年11月5日〜12日,しげ旅,2025-02-26,606830,6251,338,13.316005612824622
228,韓国旅行,【韓国vlog】3人で行くソウル女子旅☆ ͛ 初日から爆買い、人気ベーグルに美容も行ってQOL急上昇😽↑↑,ぽんチャンネル,2025-06-05,600363,6622,960,13.30529141691712
229,ソウル観光,【韓国vlog】3人で行くソウル女子旅☆ ͛ 初日から爆買い、人気ベーグルに美容も行ってQOL急上昇😽↑↑,ぽんチャンネル,2025-06-05,600363,6622,960,13.30529141691712
230,韓国女子旅,【韓国vlog】3人で行くソウル女子旅☆ ͛ 初日から爆買い、人気ベーグルに美容も行ってQOL急上昇😽↑↑,ぽんチャンネル,2025-06-05,600363,6622,960,13.30529141691712
231,ソウル観光,韓国でバズってるあの行列のベーグル屋さん行った正直な感想【ソウル/安国 London bagelmuseum】,デパ地下のまおさん,2025-05-30,586395,4784,112,13.281750608248913
232,韓国女子旅,【1分解説】韓国旅行者は絶対作るべき「WOWPASS」作ってみる！実践編【ワオパス】,来栖あつこ / Atsuko Kurusu,2022-09-21,584173,21260,39,13.277954162638984
233,Kpop聖地巡り,【KPOPファン必見スポット!?】Stray Kidsのメンバーに遭遇した韓国人夫,ミョリムMyorimu,2022-05-14,583662,14640,306,13.277079040455646
234,韓国ファッション,【韓国ストリートコーデ３選🖤】メンズのラインスウェットだけど女の子にもおすすめ✨#shorts #fashion #wego #春 #スウェット #春コーデ #韓国コーデ #ウィゴー,WEGOゆーちゅー部 -WEGO公式-,2024-02-04,579361,10226,33,13.26968277707857
235,ソウル観光,"知らなきゃ損！【1,000円企画】カンジャンシジャン食べ歩き #shorts #韓国 #ソウル",ちょびっとカップル,2025-02-02,574386,12627,19,13.26105866414806
236,韓国旅行,【神デート】韓国3泊4日、遊びつくした激濃vlog！！おすすめスポット全紹介。,華金カップル,2025-05-20,572237,4737,544,13.257310267739111
237,ソウル観光,【神デート】韓国3泊4日、遊びつくした激濃vlog！！おすすめスポット全紹介。,華金カップル,2025-05-20,572237,4737,544,13.257310267739111
238,韓国コスメ,【Qoo10メガ割】これを買えば間違いなし！No案件🙅‍♂️ 小田切ヒロの激推し韓国コスメ&amp;スキンケア全部教えるわ🤍,HIRO BEAUTY CHANNEL,2025-08-31,571019,6894,108,13.255179514294444
239,韓国旅行,20回以上行ってる韓国のオススメ全部教えちゃう,中町綾チャンネル,2026-02-25,570632,6609,213,13.25450154994832
240,韓国ドラマロケ地,実は結婚している！意外と知られていない韓国俳優夫婦37組を一挙紹介,スージーch.,2025-09-25,567215,1202,15,13.248495462546906
241,韓国コスメ,【ベスコス】2025年上半期ベストコスメ- プチプラ・ドラコス・韓国コスメ編！小田切ヒロが選んだ本当におすすめできるベストアイテムを厳選して紹介しちゃうわよ〜🤍,HIRO BEAUTY CHANNEL,2025-06-28,561408,7264,137,13.238204974131614
242,韓国コスメ,ごりごりに盛れた＾＾🦍♡ #メイク動画 #コスメ #美容 #韓国コスメ,seoul×tokyo cosme,2024-02-15,561196,4660,102,13.237827281508343
243,韓国ファッション,韓国っぽ春コーデ6選🫶🌸 #shorts,HOLIDAY&HOLIDAY,2023-03-24,555850,9257,34,13.228255551706647
244,韓国コスメ,【ASMR】コスメタッピングとスクイーズの音が良すぎる,コスメヲタちゃんねるサラ,2026-02-25,554020,13532,118,13.224957871148186
245,韓国旅行,★Vlog★かんなさんと韓国で合流！女子組と男子組の韓国旅行３泊４日♪,Kan & Aki's CHANNELかんあきチャンネル,2025-10-25,551506,6381,157,13.220409810251535
246,韓国女子旅,★Vlog★かんなさんと韓国で合流！女子組と男子組の韓国旅行３泊４日♪,Kan & Aki's CHANNELかんあきチャンネル,2025-10-25,551506,6381,157,13.220409810251535
247,韓国旅行,明洞のココのお店 行かないで‼️  #韓国 #韓国旅行 #韓国旅行情報 #渡韓 #渡韓情報 #ソウル #ソウル旅行 #韓国グルメ #short #shorts,ぼっちな韓国オタク🇰🇷みちゃん,2025-01-12,549174,7595,117,13.216172431082386
248,ソウル観光,明洞のココのお店 行かないで‼️  #韓国 #韓国旅行 #韓国旅行情報 #渡韓 #渡韓情報 #ソウル #ソウル旅行 #韓国グルメ #short #shorts,ぼっちな韓国オタク🇰🇷みちゃん,2025-01-12,549174,7595,117,13.216172431082386
249,ソウル観光,明洞のココのお店 行かないで‼️  #韓国 #韓国旅行 #韓国旅行情報 #渡韓 #渡韓情報 #ソウル #ソウル旅行 #韓国グルメ #short #shorts,ぼっちな韓国オタク🇰🇷みちゃん,2025-01-12,549174,7595,117,13.216172431082386
250,韓国旅行,【韓国旅行🇰🇷】ひとりで韓国で食べ歩きしてショッピングして最高に楽しすぎた１日！！！！,エミリンチャンネル,2025-07-29,546914,5702,248,13.21204867627635
251,韓国女子旅,【韓国旅行🇰🇷】ひとりで韓国で食べ歩きしてショッピングして最高に楽しすぎた１日！！！！,エミリンチャンネル,2025-07-29,546914,5702,248,13.21204867627635
252,韓国旅行,【Vlog】2泊3日で韓国旅行に行ってきました🇰🇷【爆食旅】,みりにゃと申します。,2025-01-10,542181,7973,237,13.203357017413746
253,韓国女子旅,こじはる韓国🇰🇷❤️withさっしー【オリヤン購入品/最新グルメ】,HARUNA KOJIMA's cat nap,2025-06-06,540720,5388,159,13.20065871315853
254,韓国旅行,韓国旅行中で大喧嘩中にママにバレずに深夜コンビニ出かけたら・・・,おさき日記,2026-01-16,540220,7235,106,13.199733594075989
255,韓国旅行,渡韓中🇰🇷クレジットカード使わないで💳🙅‍♀️ #韓国 #韓国旅行 #韓国旅行情報 #韓国情報 #渡韓 #ソウル #ソウル旅行 #渡韓情報 #short #shorts,ぼっちな韓国オタク🇰🇷みちゃん,2024-07-06,537882,4815,49,13.195396343374473
256,ソウル観光,渡韓中🇰🇷クレジットカード使わないで💳🙅‍♀️ #韓国 #韓国旅行 #韓国旅行情報 #韓国情報 #渡韓 #ソウル #ソウル旅行 #渡韓情報 #short #shorts,ぼっちな韓国オタク🇰🇷みちゃん,2024-07-06,537882,4815,49,13.195396343374473
257,韓国旅行,今週末いきなり海外に行っちゃおう！弾丸韓国家族旅🇰🇷おみやげ視聴者プレゼント🎁himawari-CH,HIMAWARIちゃんねる,2024-09-28,537673,2552,228,13.195007707527873
258,ソウル観光,#ソウルグルメ #韓国旅行 #渡韓情報 #韓国グルメおすすめ #韓国ご飯 #オススメ  #韓国 #韓国情報 #明洞ご飯 #ランジュカルミョン #ヨンナムドン #ホンデご飯 #南山タワー #おすすめ,ただのオタク ミーナ🧸,2024-12-28,532852,10071,0,13.186000867735533
259,韓国旅行,【実写】AMPTAKで韓国旅行行ってきた!!【AMPTAKxCOLORS】【アンプタック】,AMPTAKxCOLORS(アンプタックカラーズ),2025-06-17,525838,19860,1532,13.172750361216496
260,韓国コスメ,【2025年下半期ベストコスメ】今期使ったコスメで特に良かったベスコスを厳選紹介🥇【プチプラ/デパコス/韓国コスメ全部混ぜ】,水越みさと,2025-12-10,521176,5548,123,13.163844994325887
261,ソウル観光,韓国ソウル男ひとり夜遊び旅3泊4日モデルコースVlog【食って遊ぶに全集中旅行】夜の歓楽街お散歩映像と韓国按摩体験レポ【明洞・弘大・梨泰院・東大門・南大門】,世界ビュルルン滞在記,2024-12-10,514372,1232,79,13.150703962192061
262,韓国旅行,韓国ソウル男ひとり夜遊び旅3泊4日モデルコースVlog【食って遊ぶに全集中旅行】夜の歓楽街お散歩映像と韓国按摩体験レポ【明洞・弘大・梨泰院・東大門・南大門】,世界ビュルルン滞在記,2024-12-10,514372,1232,79,13.150703962192061
263,ソウル観光,【韓国旅行情報】超初心者向け！ソウル旅行完全ガイド！自分たちが調べたこと全てまとめました【チャプター付き】,中島家チャンネル【夫婦】,2023-08-14,511831,7825,390,13.145751725176858
264,韓国コスメ,【最新】お気に入りリップ4選💄⟡.·  #PR #Qoo10 #Qoo10アンバサダー #韓国コスメ #リップ #shorts #コスメ #コスメ紹介,愛田まり,2024-12-27,510460,9765,7,13.14306951797806
265,ソウル観光,【総集編】広蔵市場の食べ歩き全部一気見！！観光地の中の観光地で市場グルメ！【ソウル】【モッパン】,KaoruTV,2024-08-29,508174,3995,125,13.138581155427163
266,Kpop聖地巡り,"【KPOP】韓国4大芸能事務所巡ってみた‼️(HYBE, SM, JYP, YG)",きばるん 키바룬,2022-07-16,503409,13486,397,13.129160226404602
267,韓国コスメ,ベストスキンケアというより、人生スキンケアかもってくらいリピしまくってた大好きなやつたち🥺❤️#スキンケア#韓国スキンケア#2025年ベストスキンケア,ミレの日常🎀,2026-01-09,498783,9270,40,13.119928415288777
268,韓国旅行,実は...買っちゃダメな韓国お土産がある🙅‍♀️ #韓国 #韓国旅行 #韓国旅行情報 #韓国情報 #渡韓 #渡韓情報 #ソウル #ソウル旅行 #short #shorts,ぼっちな韓国オタク🇰🇷みちゃん,2024-07-11,498475,4156,19,13.11931072279175
269,ソウル観光,韓国旅行で絶対に外せないお土産5選❣️ #渡韓 #ソウル旅行 #韓国ショッピング #韓国旅行 #韓国旅行vlog #ソウル #韓国コスメ #海外旅行 #韓国コンビニ #韓国グルメ,【韓国情報】どんどんコリア,2023-09-18,495402,6673,14,13.113126851731616
270,韓国旅行,韓国旅行で絶対に外せないお土産5選❣️ #渡韓 #ソウル旅行 #韓国ショッピング #韓国旅行 #韓国旅行vlog #ソウル #韓国コスメ #海外旅行 #韓国コンビニ #韓国グルメ,【韓国情報】どんどんコリア,2023-09-18,495402,6673,14,13.113126851731616
271,韓国ファッション,2℃でこれ着てたら怖がられた☺️ #韓国コーデ #韓国ストリート #韓国ファッション #モテコーデ #あざとコーデ #grl #グレイル #grl購入品 #ZARA #ザラ #セットアップ #村川緋杏,むらかわびびあん,2024-02-25,494803,5669,36,13.111917003542167
272,韓国女子旅,★Vlog★韓国女子旅さいごの日！韓国で買ったコスメとか紹介するよ♪,Kan & Aki's CHANNELかんあきチャンネル,2025-04-04,494641,5788,189,13.111589547568931
273,韓国コスメ,【ベスコス発表】2024年下半期ベストコスメ- プチプラ・ドラコス・韓国コスメ編！小田切ヒロが選んだデパコスに負けない優秀アイテム、たくさん紹介しちゃうわよ〜🤍,HIRO BEAUTY CHANNEL,2024-11-30,493344,7344,209,13.108964005441212
274,韓国ファッション,【emmy】結局フレアデニムが1番似合う骨格は何だろう？🩵骨格ストレート？？#shorts,emmy,2025-02-26,490592,2651,37,13.103370142461765
275,韓国旅行,【最高✨❤️】大好きな４人組でずーっと念願だった韓国旅行🤩🇰🇷❤️またまた絆深まっちゃったんじゃないのぉっ😘,MelTV,2023-12-31,488312,5050,71,13.098711872673045
276,韓国コスメ,【Qoo10メガ割】圧倒的オススメ‼︎厳しい目で韓国コスメの選別が始まるぞ‼︎,EGA.channel,2025-08-30,486148,6317,375,13.09427044025739
277,ソウル観光,実は...危険な韓国お土産がある⚠️😱 #韓国 #韓国旅行 #韓国旅行情報 #渡韓 #渡韓情報 #ソウル #ソウル旅行 #short #shorts,ぼっちな韓国オタク🇰🇷みちゃん,2024-07-19,483649,4270,46,13.089116783610693
278,韓国旅行,【韓国旅行総額いくら？】親子旅２泊３日の韓国旅行。食にショッピングにソウルを堪能！気になる費用の総額もお伝えします！,カラフルハワイ,2024-03-31,480466,3133,170,13.082513826574074
279,ソウル観光,【韓国旅行総額いくら？】親子旅２泊３日の韓国旅行。食にショッピングにソウルを堪能！気になる費用の総額もお伝えします！,カラフルハワイ,2024-03-31,480466,3133,170,13.082513826574074
280,ソウル観光,【ぶらり旅】韓国で自由気ままに旅行してみた！,スーツ 旅行 / Suit Travel,2025-01-25,477844,6936,569,13.077041691105
281,韓国コスメ,韓国でオリヤン貸し切ってコスメ買い放題したらあまりにも楽しすぎた。。。！！！,エミリンチャンネル,2025-03-02,477021,5361,140,13.075317890400202
282,韓国旅行,韓国が最高です。マジで...最高です。,あさぎーにょ,2026-03-02,469457,9170,361,13.05933411675994
283,韓国コスメ,さすがとしか言えません🥺... #コスメオタク #fwee#韓国コスメ,ミレの日常🎀,2025-09-25,466301,12260,45,13.052588771871495
284,韓国コスメ,メガ割で買って損ないもの✌🏼✨ #メガ割 #メガ割購入品 #メガ割おすすめ #韓国コスメ #qoo10メガ割,ユウネ┊元芋女からの垢抜け発信 ˎˊ˗,2024-09-01,464285,13384,22,13.048256020635034
285,韓国コスメ,これ…あの韓国コスメじゃないよね❓激似すぎるDAISOコスメを徹底レビュー✅#daiso #ダイソー #Kyumme #キュンミー #プチプラ #100均,葉月ひまり,2025-06-23,463443,6015,23,13.046440836839766
286,韓国旅行,【爆食】１泊２日韓国弾丸ツアーが最高すぎました！！！,サバンナ高橋/しげおチャンネル,2025-10-03,458085,2961,95,13.034812218394958
287,ソウル観光,【爆食】１泊２日韓国弾丸ツアーが最高すぎました！！！,サバンナ高橋/しげおチャンネル,2025-10-03,458085,2961,95,13.034812218394958
288,ソウル観光,【爆食】１泊２日韓国弾丸ツアーが最高すぎました！！！,サバンナ高橋/しげおチャンネル,2025-10-03,458085,2961,95,13.034812218394958
289,韓国旅行,3泊4日韓国旅行！初日から事件の連続で忘れられない思い出になった,2nds-セカンズ-,2025-04-25,453062,3941,179,13.023786467643122
290,韓国旅行,【韓国】旅行密着,佐野勇斗だぞ,2025-09-20,450998,8331,749,13.019220401187457
291,韓国コスメ,#渡韓情報 #韓国情報 #韓国旅行 #韓国 #渡韓 #韓国グルメ #韓国料理 #韓国カフェ #お土産 #韓国土産 #パック #韓国コスメ #オリヤン #オリーブヤング購入品 #税関 #マスクパック,ただのオタク ミーナ🧸,2025-08-16,449576,0,0,13.016062419669446
292,韓国旅行,【旅行】うちらの韓国3日間が楽しみすぎて幸せいっぱい,一生友子,2025-06-03,446285,4215,174,13.00871528109106
293,韓国旅行,【韓国旅行】明洞でおすすめの韓国グルメランキングベスト20紹介します | 韓国グルメ,にいけい【ここだけの韓国グルメ】,2024-10-19,441460,4981,69,12.997844959903528
294,ソウル観光,【韓国旅行】明洞でおすすめの韓国グルメランキングベスト20紹介します | 韓国グルメ,にいけい【ここだけの韓国グルメ】,2024-10-19,441460,4981,69,12.997844959903528
295,ソウル観光,【韓国旅行】明洞でおすすめの韓国グルメランキングベスト20紹介します | 韓国グルメ,にいけい【ここだけの韓国グルメ】,2024-10-19,441460,4981,69,12.997844959903528
296,韓国コスメ,ひぇ、、このサイズ感は最高だ😵‍💫#コスメ#ティント#コスメ好き #韓国コスメコスメ#音フェチTiktokでPRしたものになります,ミレの日常🎀,2025-07-28,439717,12731,43,12.993888891333507
297,韓国コスメ,ベタつかない日焼け止めならコレ！！,コスメヲタちゃんねるサラ,2026-03-09,438801,10031,118,12.991803565257966
298,韓国コスメ,【韓国コスメ VS 国産化粧品】プロが選ぶのはどっち！？高濃度なのに安すぎるカラクリ、ダサいパッケージの謎、化粧品技術世界ランキング…全部話します！,かずのすけ,2024-11-29,435784,8177,819,12.984904281441827
299,韓国コスメ,【新作】Qoo10で買えるメイク初心者向け韓国コスメでメイクリハビリ中のブスがメイクしてみた【プチプラ】,まあたその「ほぼメインチャンネル」,2023-06-01,435367,7629,264,12.983946929445452
300,韓国旅行,韓国でボンボンドロップシール大量ゲット‼️,竹下☆ぱらだいす,2026-02-15,433045,2197,84,12.978599236907849
301,ソウル観光,韓国旅行３泊4日アシアナ航空で行く！ソウル観光、韓国グルメはここに決まり！はじめてのシニア夫婦韓国旅｜ボーイング747-400｜2023年9月総集編,Wakunori Channel ワクノリチャンネル,2023-11-15,427563,3241,336,12.965859263756226
302,ソウル観光,韓国旅行３泊4日アシアナ航空で行く！ソウル観光、韓国グルメはここに決まり！はじめてのシニア夫婦韓国旅｜ボーイング747-400｜2023年9月総集編,Wakunori Channel ワクノリチャンネル,2023-11-15,427563,3241,336,12.965859263756226
303,韓国旅行,韓国旅行３泊4日アシアナ航空で行く！ソウル観光、韓国グルメはここに決まり！はじめてのシニア夫婦韓国旅｜ボーイング747-400｜2023年9月総集編,Wakunori Channel ワクノリチャンネル,2023-11-15,427563,3241,336,12.965859263756226
304,韓国ファッション,【ガチ買いツアー】インスタでフォローしてる、行きたかった韓国ブランド8選！購入品をご紹介します♪,TAKIMAKI Channel / 滝沢眞規子Official,2024-07-03,426477,3296,68,12.963316061933968
305,韓国旅行,【韓国旅行⑥】オリーブヤングの購入システムにびっくり！◯◯がないと購入できない!?初めて食べる韓国流、鍋のシメ料理に衝撃！！知る人ぞ知るカムジャタンのお店に行ってみた！,おぎやはぎトラベル,2024-04-30,425247,3954,250,12.960427807131234
306,ソウル観光,[ Korea Trip ] 3泊4日ソウル＆釜山爆買い旅🛍️🇰🇷 | 韓国通と行く大人の女子旅、ファッション、美容、食事にかかった費用も全部公開！,miku / 未来,2024-10-25,422358,4368,144,12.953610942269195
307,韓国旅行,今、韓国の“経済格差”を現地で見た結果、予想外の光景に衝撃を受けました。,トッポギ侍【おがみょんがんちゃん】,2025-11-29,414837,10280,1226,12.935643361556188
308,韓国コスメ,韓国ダイソー✖️ジョンセンムルの新作がやばすぎる #韓国 #韓国コスメ,がよんがよん,2026-01-08,414665,11159,73,12.935228655894818
309,韓国コスメ,韓国ダイソー✖️ジョンセンムルの新作がやばすぎる #韓国 #韓国コスメ,がよんがよん,2026-01-08,414665,11159,73,12.935228655894818
310,韓国旅行,21年振りに韓国に行って食べまくり呑みまくり旅,霜降り明星せいやのイニミニチャンネル,2025-05-17,412845,3877,457,12.930829921049698
311,韓国コスメ,【韓国旅行】オリーブヤングで最新コスメ爆買い🇰🇷メガ割！！買え！！,ヘラヘラ三銃士,2025-09-04,399447,3461,102,12.897838873013187
312,韓国旅行,【韓国旅行】オリーブヤングで最新コスメ爆買い🇰🇷メガ割！！買え！！,ヘラヘラ三銃士,2025-09-04,399447,3461,102,12.897838873013187
313,韓国旅行,【vlog】2泊3日韓国旅行🇰🇷3人で爆食&amp;爆買い！,みゆうちゃんねる,2024-06-09,397068,3866,339,12.891865348093694
314,韓国コスメ,アヌア買うならこれです🤤🩵#スキンケア #韓国スキンケア #美肌,ミレの日常🎀,2025-10-03,396868,8946,37,12.891361530404577
315,韓国コスメ,アヌア買うならこれです🤤🩵#スキンケア #韓国スキンケア #美肌,ミレの日常🎀,2025-10-03,396868,8946,37,12.891361530404577
316,韓国コスメ,ラネージュの社食が気になりすぎて、韓国本社まで行ってきた✈️🇰🇷,やみちゃんねる。,2026-01-12,392434,6206,17,12.88012619739502
317,ソウル観光,今明洞がヤバイ🇰🇷❤️‍🔥　#韓国 #韓国旅行 #韓国コスメ #韓国薬局,ぼっちな韓国オタク🇰🇷みちゃん,2025-10-25,390979,5606,30,12.87641168676411
318,韓国コスメ,今明洞がヤバイ🇰🇷❤️‍🔥　#韓国 #韓国旅行 #韓国コスメ #韓国薬局,ぼっちな韓国オタク🇰🇷みちゃん,2025-10-25,390979,5606,30,12.87641168676411
319,韓国旅行,年始の韓国爆食旅🇰🇷【今年の目標は腹八分】,みりにゃと申します。,2026-01-21,389958,8930,406,12.873796884374343
320,韓国ファッション,ちびTはめっちゃいいけど… #shorts #韓国ファッション #韓国コーデ,韓国ファッションマガジンLapiLapi,2023-07-09,389725,2234,7,12.873199207089451
321,韓国旅行,【２泊３日韓国旅行】寒すぎる日に韓国で食べ歩き旅行してきたけど楽しすぎたのでオススメ！！！,エミリンチャンネル,2026-03-09,387642,4250,197,12.867840091957946
322,韓国コスメ,【Qoo10メガ割】小田切ヒロがガチ厳選！今すぐ買うべきBEST名品の韓国コスメ&amp;スキンケア！,HIRO BEAUTY CHANNEL,2026-02-27,386805,4585,75,12.86567855433342
323,韓国コスメ,まず皆様を迎え入れるのは... #新作コスメ #fwee #フィー #韓国コスメ #おすすめ #shorts,LIPS,2025-03-30,386032,6121,25,12.863678137020695
324,韓国旅行,"【ソウル旅行10日間(4K)】約30軒のカフェ巡り☕️ | 韓国人気スポット,最新ブランドショッピング,絶品グルメ 完全保存版",momocolog ,2025-05-03,385945,6148,169,12.863452742287501
325,ソウル観光,"【ソウル旅行10日間(4K)】約30軒のカフェ巡り☕️ | 韓国人気スポット,最新ブランドショッピング,絶品グルメ 完全保存版",momocolog ,2025-05-03,385945,6148,169,12.863452742287501
326,韓国コスメ,【永久保存版】結局これ買えば正解！韓国コスメ神リップ #コスメ #リップ #美容 #韓国コスメ #垢抜け,韓国オンニ【日韓コスメ・スキンケア】,2025-01-17,384928,8421,45,12.860814180678862
327,韓国コスメ,【日韓首脳会談】高市総理に韓国のり・化粧品の贈呈も… “外交ラッシュ”の成果は？【news23】｜TBS NEWS DIG,TBS NEWS DIG Powered by JNN,2025-10-30,384881,2351,1089,12.860692072784694
328,ソウル観光,🇰🇷ソウル旅行者必見！知らないと罰金30倍払います（WOWPASSトラブル! T-moneyカード）韓国地下鉄トラブル,ソウルに住んでるチェさん,2024-09-06,383343,5128,127,12.856688037371141
329,韓国旅行,🇰🇷ソウル旅行者必見！知らないと罰金30倍払います（WOWPASSトラブル! T-moneyカード）韓国地下鉄トラブル,ソウルに住んでるチェさん,2024-09-06,383343,5128,127,12.856688037371141
330,韓国ファッション,【デニムコーデ6選🍁】足を出したくない子におすすめです🙌🏻💗 #コーデ #ootdfashion #ootd #fashion #ストリート系女子 #ストリートファッション,さんぐらす,2024-10-18,382819,4032,14,12.855320183800101
331,ソウル観光,【韓国旅行🇰🇷】2泊3日モデルコース / 50代母と娘のグルメ&amp;美容旅🤍 / 韓屋で楽しむカフェとディナー🍴 / 母は初の美容体験✨/ 渡韓歴9年目パワーJの計画的な旅行✈️,kokoro 코코로,2024-06-16,380276,5286,220,12.848655213517898
332,韓国女子旅,【韓国旅行🇰🇷】2泊3日モデルコース / 50代母と娘のグルメ&amp;美容旅🤍 / 韓屋で楽しむカフェとディナー🍴 / 母は初の美容体験✨/ 渡韓歴9年目パワーJの計画的な旅行✈️,kokoro 코코로,2024-06-16,380276,5286,220,12.848655213517898
333,韓国コスメ,【Qoo10メガ割】この冬はこのコスメで間違いなし！ 小田切ヒロの今推してる韓国コスメ教えちゃうわよ🤍,HIRO BEAUTY CHANNEL,2025-11-20,378077,4772,220,12.842855802521004
334,韓国ファッション,秋の韓国カジュアルGRLOOK1週間🤎🍂🧶#grl #grlコーデ #grl購入品 #デニムコーデ #ファッション #韓国ファッション #おすすめ #プチプラ #骨格ウェーブ #ootd,ramu ,2025-09-08,376117,5692,21,12.837658202924999
335,韓国女子旅,韓国上級者はやってる🇰🇷観光客の落とし穴😨〇〇で回避❗️ #韓国情報 #韓国トレンド #韓国流行 #韓国人気 #渡韓 #韓国ひとり旅 #韓国旅 #渡韓情報 #渡韓準備 #韓国旅行 #韓国コスメ,リアルな韓国ガイドブックnekkorea_ねっこりあ,2025-03-22,374901,3744,14,12.834419937465709
336,ソウル観光,韓国上級者はやってる🇰🇷観光客の落とし穴😨〇〇で回避❗️ #韓国情報 #韓国トレンド #韓国流行 #韓国人気 #渡韓 #韓国ひとり旅 #韓国旅 #渡韓情報 #渡韓準備 #韓国旅行 #韓国コスメ,リアルな韓国ガイドブックnekkorea_ねっこりあ,2025-03-22,374901,3744,14,12.834419937465709
337,ソウル観光,【ソウル】男おひとり様で韓国を旅してみたら、こんな感じです。,関西弁CA / Ryucrew,2023-10-31,372864,7066,238,12.82897170281847
338,韓国コスメ,韓国でコスメ買う前に絶対見て😱偽物or本物検証したらヤバすぎた💦震える🫨 #韓国 #韓国情報 #韓国旅行 #韓国旅行情報 #渡韓 #渡韓情報 #韓国最新情報 #shorts #short,ぼっちな韓国オタク🇰🇷みちゃん,2024-04-21,372715,5020,44,12.82857201451637
339,韓国旅行,お父さんと人生初の韓国旅行に行ったら幸せすぎた！！！,親子バラエティ,2025-12-08,369056,8833,370,12.81870638263788
340,韓国旅行,【女子チーム大歓喜】　韓国で行きたい所に全部行ってみた！！,カジサック KAJISAC,2025-09-23,367518,4916,329,12.814530296978866
341,韓国女子旅,【女子チーム大歓喜】　韓国で行きたい所に全部行ってみた！！,カジサック KAJISAC,2025-09-23,367518,4916,329,12.814530296978866
342,韓国コスメ,キャンメイク縛りで韓国メイクしていく‼️#CANMAKE #メイク #コスメ #美容 #おすすめ,なるちゃんねる♡,2025-11-18,365991,11315,36,12.810366754221118
343,韓国女子旅,★Vlog★初！弘大(ホンデ)お散歩♪カスタムスニーカーとチーズタッカルビ！,Kan & Aki's CHANNELかんあきチャンネル,2025-10-27,365511,4192,134,12.809054389370367
344,韓国コスメ,最近韓国コスメのオススメ紹介してたから、今回は買うべきデパコス紹介🛍️✨#デパコス#コスメ#ジバンシイ#アイシャドウ#shorts,mizuki🪞🪄 みずいろROOM,2024-09-04,365363,9510,28,12.808649395904927
345,韓国ファッション,【向井怜衣ちゃん💙3色ショッピング🛍️】どんなコーデになるかな？👀#shorts #fashion #wego #ウィゴー #outfit #韓国ファッション #seju #ギャル #y2k,WEGOゆーちゅー部 -WEGO公式-,2026-03-14,365162,3849,27,12.808099108222002
346,韓国コスメ,Qoo10メガ割で買うならこれ！千賀健永の激愛スキンケアたち🔥🔥,千賀健永 / kento senga,2025-08-31,363960,3843,28,12.80480199802153
347,ソウル観光,韓国ってこんな感じです..【1日目｜ソウル】,osada /おさだ【海外ひとり旅】,2024-12-01,362258,7308,970,12.800114704594801
348,韓国旅行,【韓国vlog】初！岡田家全員で韓国旅行🇰🇷韓国グルメ,みゆうちゃんねる,2024-10-16,361428,3749,241,12.797820897418438
349,韓国旅行,【vlog】2泊3日の韓国旅行。初日から満喫しすぎて帰りたくないんやけど。,えいしとさなです。,2024-05-19,359053,2242,82,12.791228073986087
350,韓国ファッション,【平松想乃ちゃん💚3色ショッピング🛍️】どんなコーデになるかな？👀#shorts #fashion #wego #ウィゴー #outfit #韓国ファッション #カジュアル #seju,WEGOゆーちゅー部 -WEGO公式-,2026-03-12,358282,4434,15,12.789078455893364
351,韓国旅行,【vlog】2泊3日韓国旅行🇰🇷大満喫しすぎて帰りたくなくなった。,えいしとさなです。,2025-05-21,357989,2842,138,12.788260332031811
352,韓国コスメ,【韓国コスメ縛り】小田切ヒロ直伝！aespaカリナちゃん風・韓国アイドルメイクのご紹介よ〜🤍,HIRO BEAUTY CHANNEL,2024-12-04,355769,8651,280,12.78203973362695
353,韓国コスメ,【大量】私の部屋の愛する韓国コスメコレクション♡♡【コスメ収納】,さぁや saaya,2021-03-03,354404,5416,228,12.778195605965685
354,韓国コスメ,小田切ヒロが絶賛！超絶可愛い韓国コスメ・リップ3選💋💋,HIRO BEAUTY CHANNEL,2025-06-29,351495,4676,56,12.769953610367253
355,Kpop聖地巡り,にしな - シュガースポット【Official Video】,nishina_official,2023-10-25,347672,5173,194,12.759017661831525
356,韓国ファッション,【川野明愛ちゃん💜3色ショッピング🛍️】どんなコーデになるかな？👀#shorts #fashion #wego #ウィゴー #outfit #韓国ファッション #seju #ギャル,WEGOゆーちゅー部 -WEGO公式-,2026-03-13,344228,4519,29,12.749062412551543
357,韓国ファッション,秋の韓国ファッション🍂🇰🇷 #韓国 #ファッション #秋服,Amaneあまね,2024-10-12,339821,0,35,12.736177230091208
358,韓国ファッション,【どのコーデが好き？👀💕】秋冬おすすめコーデ4選🧣🍂#shorts #fashion #wego #ウィゴー #秋 #outfit #韓国ファッション #カジュアル #冬 #モテる,WEGOゆーちゅー部 -WEGO公式-,2024-11-21,337434,3895,8,12.729128178153793
359,韓国コスメ,韓国に行ってきたよ！#韓国コスメ #落ちにくいリップ #Twinklepop,まいぱん,2025-03-11,334933,7796,45,12.72168877647184
360,韓国コスメ,韓国に行ってきたよ！#韓国コスメ #落ちにくいリップ #Twinklepop,まいぱん,2025-03-11,334933,7796,45,12.72168877647184
361,韓国ファッション,99％失敗しない！夏コーデ色の組み合わせ #shorts,韓国ファッションマガジンLapiLapi,2023-06-04,330591,3031,4,12.708640265649173
362,ソウル観光,🇰🇷｢ソウルが大阪風情に…｣アジア観光地ランキングに韓国民大混乱　#海外の反応,知っとこニッポン,2025-09-20,330176,2101,149,12.707384153287466
363,ソウル観光,2024年、真冬のソウル満喫女子旅【3泊4日】,散歩するアンドロイド　,2024-01-31,330074,6433,405,12.707075180347402
364,韓国女子旅,【韓国vlog】2泊3日女子旅で爆買いからのヘアメイクで大変身！,みゆうちゃんねる,2024-11-03,325646,3789,263,12.693569251587572
365,韓国コスメ,コレ知らないと絶対失敗する😭コスメの買い方 #韓国コスメ #コスメ #コスメ紹介 #コスメ購入品,ぼっちな韓国オタク🇰🇷みちゃん,2025-10-11,322333,8408,29,12.68334355401751
366,ソウル観光,【 韓国 vlog 】ソウルのお洒落スポットと韓国グルメを堪能する旅🤎  可愛い雑貨とコスメ | ロンドンベーグルミュージアム | 広蔵市場 | お土産 | 3泊4日の大人旅,Grown vlog.,2024-10-12,320154,4837,195,12.676560532504206
367,韓国ファッション,韓国女子の春夏に着たい！モノトーンコーデの組み合わせ #shorts,韓国ファッションマガジンLapiLapi,2023-05-16,318959,3279,3,12.672820982055237
368,韓国女子旅,【韓国Vlog】神崎恵の1泊2日で大満足❤️大人のソウルの楽しみ方をご紹介🇰🇷グルメ｜コスメ｜ファッション｜カフェ etc…,美容家・神崎恵の大人美人研究,2024-12-05,318898,4544,108,12.672629717213992
369,Kpop聖地巡り,ESCAPE Bang Chan dominATE LONDON🇬🇧ESCAPE絶景スポット❗️#BangChan #StrayKids #스트레이키즈#dominATE,KENTY CHANNEL,2025-08-07,316820,38795,200,12.66609222460425
370,韓国女子旅,【韓国vlog🇰🇷】ソウルの初心者さん向け王道コース完全ガイド！辛いものが苦手でもいけるご飯屋さん巡り💕２泊３日でも大満喫できる回り方｜旅費大公開｜cafe｜shopping ｜トリファeSIM,mami 마미,2024-10-30,314150,3525,97,12.657629041018769
371,ソウル観光,【韓国vlog🇰🇷】ソウルの初心者さん向け王道コース完全ガイド！辛いものが苦手でもいけるご飯屋さん巡り💕２泊３日でも大満喫できる回り方｜旅費大公開｜cafe｜shopping ｜トリファeSIM,mami 마미,2024-10-30,314150,3525,97,12.657629041018769
372,ソウル観光,【初めての韓国旅行】準備してよかったもの＆知っておくべきこと【2026年も通じる初心者向けガイド】,すーたろの旅ログ,2025-05-06,312106,6059,132,12.651101356716099
373,韓国女子旅,【初めての韓国旅行】準備してよかったもの＆知っておくべきこと【2026年も通じる初心者向けガイド】,すーたろの旅ログ,2025-05-06,312106,6059,132,12.651101356716099
374,韓国コスメ,オリーブヤングのクッションファンデランキング後半戦✨,おっしー🎀【美容正直レビュー】,2025-01-15,311496,4120,9,12.649144986344648
375,韓国コスメ,オリーブヤングのクッションファンデランキング後半戦✨,おっしー🎀【美容正直レビュー】,2025-01-15,311496,4120,9,12.649144986344648
376,韓国コスメ,韓国のオリーブヤングでコンビ爆買い！,レインボー池田直人の美しちゃんねる,2025-12-18,310406,3541,114,12.64563961858331
377,ソウル観光,【韓国の真実】今、旅行はやめるべきなのか？ソウルの最新の様子はこんな感じでした・・・,SU channel / 旅行,2025-02-25,308464,3217,114,12.639363663703387
378,韓国ファッション,【多田梨音ちゃんの系統別コーデ💚】どっちが好き？👀✨#shorts #fashion #wego #ウィゴー #outfit #seju #韓国ファッション #ギャル #ストリート,WEGOゆーちゅー部 -WEGO公式-,2025-06-21,306820,3661,15,12.634019794633398
379,ソウル観光,🇰🇷えぇ！まじ！？聖水が危険⚠️  #韓国 #韓国旅行 #渡韓 #渡韓情報 #ソウル #ソウル旅行 #short #shorts,ぼっちな韓国オタク🇰🇷みちゃん,2025-05-09,303084,4523,31,12.621768573203674
380,韓国コスメ,【2026最新】韓国アイドル風KPOPメイク🎤 💄✨登録者150万人の現役韓国YouTuberが伝授！🇰🇷,アンダ ANDA,2026-02-03,301799,11367,196,12.617519825315886
381,ソウル観光,【韓国旅行VLOG】ストレス発散‼️韓国日帰り女一人旅‼️ショッピング•グルメ•美容で大満喫🥘🛍【2025年最新版】,はるのハルハル / 하루하루,2025-09-06,301417,2832,129,12.616253284691883
382,韓国女子旅,【韓国旅行VLOG】ストレス発散‼️韓国日帰り女一人旅‼️ショッピング•グルメ•美容で大満喫🥘🛍【2025年最新版】,はるのハルハル / 하루하루,2025-09-06,301417,2832,129,12.616253284691883
383,韓国コスメ,まだクーポンある人ぜひ＾＾🎀🤝🏻#コスメオタク #Qoo10#メガ割#コスメ好き #ピンクコスメ#韓国コスメ,ミレの日常🎀,2025-06-12,300089,7170,14,12.611837708647336
384,韓国ドラマロケ地,ロス確定！名作韓国ドラマ１０選❶　#韓国ドラマ #韓国俳優女優 #kdrama #ロスドラマ,韓国エンタメちゃんねる,2025-06-01,295065,1153,22,12.594954339111958
385,ソウル観光,韓国旅行🇰🇷紅葉のソウル人気スポットと韓国グルメ9選｜南大門市場｜聖水洞｜昌徳宮｜ロッテマート,Maibaru Travel,2024-11-29,294732,7781,685,12.593825140739686
386,韓国ファッション,秋の韓国GRLOOK🤎♡̴⟡.˚#grl #grlコーデ #grl購入品 #グレイル #韓国ファッション #デニムコーデ #コーデ紹介 #おすすめ #骨格ウェーブ,ramu ,2025-10-09,292252,4223,15,12.585375144465546
387,韓国ファッション,秋の韓国GRLOOK🤎♡̴⟡.˚#grl #grlコーデ #grl購入品 #グレイル #韓国ファッション #デニムコーデ #コーデ紹介 #おすすめ #骨格ウェーブ,ramu ,2025-10-09,292252,4223,15,12.585375144465546
388,韓国コスメ,韓国リップと激似?!ダイソーコスメを本音レビューしてみた!!! #amuse #ダイソー,裏コスメ放送局,2025-06-11,285052,0,0,12.560430406873737
389,韓国女子旅,明洞行ったら絶対に行くべきスポット５選🇰🇷#韓国 #ソウル #定番 #明洞 #ホテル #観光地 #学生旅 #大人旅 #女子旅＃旅行 ＃一人旅 #春休み ＃newt #NEWTで海外旅行,NEWT（ニュート）公式,2024-03-31,283805,7224,8,12.556046185133646
390,ソウル観光,明洞行ったら絶対に行くべきスポット５選🇰🇷#韓国 #ソウル #定番 #明洞 #ホテル #観光地 #学生旅 #大人旅 #女子旅＃旅行 ＃一人旅 #春休み ＃newt #NEWTで海外旅行,NEWT（ニュート）公式,2024-03-31,283805,7224,8,12.556046185133646
391,韓国ファッション,【秋から冬への気温別コーデ🕰️🤎🍂】ぜひ参考にしてね🫶#shorts #fashion #wego #ウィゴー #outfit #韓国ファッション #y2k #ストリート #低身長,WEGOゆーちゅー部 -WEGO公式-,2024-10-27,283789,2053,4,12.555989807005526
392,韓国コスメ,【最新プチプラコスメ】プロが認めたコスパ最強！優秀すぎるプチプラ最新・神コスメを一挙大公開💄✨使い方からテクニックまでご紹介します😉,長井かおり | おしゃべりメイクBOX,2025-10-25,283554,3925,116,12.55516138686103
393,韓国女子旅,【韓国ビギナー向けソウル1人旅2泊3日モデルルート】渡韓歴35年の旅ライターお勧め/定番+最新スポットを巡る大満足ルート,バタ子の50歳からの地球の歩き方,2024-04-21,283381,2741,70,12.554551089754403
394,ソウル観光,【韓国ビギナー向けソウル1人旅2泊3日モデルルート】渡韓歴35年の旅ライターお勧め/定番+最新スポットを巡る大満足ルート,バタ子の50歳からの地球の歩き方,2024-04-21,283381,2741,70,12.554551089754403
395,韓国ファッション,秋の大優勝すぎたレベチGRLOOK🤎🍂🍮#grl #grl購入品 #grlコーデ #韓国ファッション #デニムコーデ #ファッション #プチプラ #骨格ウェーブ #おすすめ,ramu ,2025-09-01,283100,4368,22,12.553559003414486
396,韓国コスメ,【感動すぎる🥺】韓国メイクすごすぎた､､､,ナラ【美容オタクOL】,2024-12-29,276503,10376,32,12.529980566386
397,韓国コスメ,【感動すぎる🥺】韓国メイクすごすぎた､､､,ナラ【美容オタクOL】,2024-12-29,276503,10376,32,12.529980566386
398,韓国コスメ,【韓国】美人マネージャーと韓国コスメを爆買いさせられました,ダイアン津田のゴイゴイスーチャンネル,2025-03-23,276379,2106,94,12.529532009357476
399,韓国ファッション,過去一高見えの秋GRL1週間🤎🍁#grl #grlコーデ #grl購入品 #韓国ファッション #秋服 #秋コーデ #デニムコーデ #ファッション #プチプラ #骨格ウェーブ,ramu ,2025-09-16,273512,4062,15,12.519104431707252
400,ソウル観光,【韓国グルメまとめ　おすすめ10選】韓国で行って良かったグルメをまとめました🤤絶対外さない人気のお店を選んでいます！アクセスもめっちゃ良いところ◎,あかねちゃんねる⋆東京おしゃれグルメ⋆,2025-05-27,270927,0,36,12.509608381905121
401,ソウル観光,【爆食韓国Vlog①】2泊3日ソウルの旅♪明洞・広蔵市場でユッケ・タンタンイ・クァベギ・カルグクス😋,ひまひまチャンネル,2025-02-07,269660,3301,171,12.504920893554697
402,韓国女子旅,【2025年最新】韓国一人旅🇰🇷美容/現地グルメ/オリーブヤング/ロッテスーパー/コレ❌失敗ポイントも【韓国旅行vlog】,はるのハルハル / 하루하루,2025-03-29,269220,2891,106,12.503287882625477
403,韓国コスメ,【言うべきか悩んだ】大人気韓国コスメ「Anua」の秘密。実は『アゼライン酸』じゃなかった…！？成分から読み解く衝撃の真実,かずのすけ,2025-03-18,262506,4599,898,12.478033027324933
404,ソウル観光,【韓国 蔵出し】ナジャ＆イルローザ　ソウル・望遠市場で食べ歩き！【片っ端から喫茶店】,片っ端から喫茶店,2023-08-26,257081,3054,138,12.457150379134438
405,ソウル観光,【完全保存版‼️】韓国旅行🇰🇷初心者向け韓国旅2025年最新版ガイド/WOWPASS/韓国トイレ情報/ ソウル駅ロッテマート無料ロッカー/韓国免税方法,I Korea U 아이코,2025-03-30,256511,2156,37,12.454930726124372
406,韓国ファッション,Honeysで韓国っぽ秋服爆買いしたよんっ🇰🇷🤍 #Honeys #ハニーズ #ハニーズ購入品 #韓国コーデ #韓国ガーリー #プチプラコーデ #秋服 #秋先取り,Honeys(ハニーズ),2025-09-19,255151,2717,13,12.449614724987754
407,ソウル観光,韓国ソウルで最強の美女天国を堪能した結果,パイナポー裏ch【アングラ探検家】,2025-09-09,254742,1496,133,12.448010472787917
408,韓国コスメ,韓国でオリーブヤング爆買いしました！！,友利新公式チャンネル(内科・皮膚科医),2023-11-28,253335,2287,69,12.442471949854792
409,韓国コスメ,韓国でオリーブヤング爆買いしました！！,友利新公式チャンネル(内科・皮膚科医),2023-11-28,253335,2287,69,12.442471949854792
410,韓国コスメ,【❌案件】【❌ステマ】今のQoo10メガ割で買うべき！本当に優秀な韓国コスメ&amp;中国コスメはこれだ！！！3500人アンケート【メガ割購入品】,nanakoななこ,2024-09-07,251176,4203,182,12.433913148874707
411,韓国コスメ,【❌案件】【❌ステマ】今のQoo10メガ割で買うべき！本当に優秀な韓国コスメ&amp;中国コスメはこれだ！！！3500人アンケート【メガ割購入品】,nanakoななこ,2024-09-07,251176,4203,182,12.433913148874707
412,韓国ファッション,【Y2KとY3Kの違い知ってる👀💭？】Y2Kとギャルも少し違うらしい🫨 #shorts #fashion #wego #ウィゴー #夏 #outfit #トレンド #韓国ファッション￼,WEGOゆーちゅー部 -WEGO公式-,2024-07-28,250400,3271,10,12.430818911810329
413,韓国コスメ,Qoo10メガ割で買うべき韓国コスメ&amp;スキンケア！〜AMUSE・Laka・MUZIGAE MANSION リップ / 魔女工場 クレンジング / LAGOM 朝洗顔〜,HIRO BEAUTY CHANNEL,2024-03-05,250260,5046,27,12.430259652255385
414,韓国コスメ,Qoo10メガ割で買うべき韓国コスメ&amp;スキンケア！〜AMUSE・Laka・MUZIGAE MANSION リップ / 魔女工場 クレンジング / LAGOM 朝洗顔〜,HIRO BEAUTY CHANNEL,2024-03-05,250260,5046,27,12.430259652255385
415,韓国コスメ,【韓国購入品】リピ買いから新作まで！神崎恵が正直レビュー👀💚オリーブヤング、アモーレなどの購入品を一挙ご紹介✨,美容家・神崎恵の大人美人研究,2024-12-03,249024,2908,99,12.425308572013366
416,韓国コスメ,【韓国購入品】リピ買いから新作まで！神崎恵が正直レビュー👀💚オリーブヤング、アモーレなどの購入品を一挙ご紹介✨,美容家・神崎恵の大人美人研究,2024-12-03,249024,2908,99,12.425308572013366
417,韓国コスメ,【⚠️Qoo10メガ割🈹】歴代韓国コスメ全ての中から厳選おすすめ韓国コスメ紹介✨,水越みさと,2026-02-27,247580,3042,98,12.419493080176117
418,韓国コスメ,【⚠️Qoo10メガ割🈹】歴代韓国コスメ全ての中から厳選おすすめ韓国コスメ紹介✨,水越みさと,2026-02-27,247580,3042,98,12.419493080176117
419,韓国コスメ,韓国コスメと美容グッズHAUL購入品開封ASMRほぼオリーブヤング,I am a housewife,2023-11-10,246839,7455,49,12.416495632435003
420,韓国女子旅,【韓国旅行】おさきちゃんと2泊3日でガチ韓国へ！江南＆聖水で爆買い爆食ツアー🔥👜🍰,ひまひまチャンネル,2025-07-20,245293,3528,141,12.410212770102346
421,韓国コスメ,【韓国GRWM】現地の韓国コスメで本場のプロ技再現したらマジで盛れた※でも安定に時間がない。,水越みさと,2024-07-13,244571,3440,104,12.40726502307438
422,韓国ファッション,韓国カジュアルなGRLOOK1週間コーデ🤎ジンコン楽しみすぎるのᐡ ̳ʚ̴̶̷̆ ·̫ ʚ̴̶̷̆ ̳ᐡ໒꒱#grl #grlコーデ #grl購入品 #韓国ファッション #骨格ウェーブ,ramu ,2025-06-21,243267,3959,18,12.40191899525504
423,韓国ファッション,韓国カジュアルなGRLOOK1週間コーデ🤎ジンコン楽しみすぎるのᐡ ̳ʚ̴̶̷̆ ·̫ ʚ̴̶̷̆ ̳ᐡ໒꒱#grl #grlコーデ #grl購入品 #韓国ファッション #骨格ウェーブ,ramu ,2025-06-21,243267,3959,18,12.40191899525504
424,ソウル観光,韓国行ったらチキンは必須…🥺‼️共有してお友達にも教えてあげてね！#渡韓情報 #韓国 #韓国情報 #渡韓 #韓国旅行 #韓国vlog #韓国グルメ #韓国料理  #韓国チキン #kyochon,ただのオタク ミーナ🧸,2024-11-15,242734,3906,0,12.399725592277324
425,韓国コスメ,【10月のお気に入り】超レア回✨豊作すぎたので全商品プチプラコスメor韓国コスメorプチプラスキンケア,水越みさと,2025-10-30,241991,3266,90,12.396659946741162
426,韓国コスメ,【10月のお気に入り】超レア回✨豊作すぎたので全商品プチプラコスメor韓国コスメorプチプラスキンケア,水越みさと,2025-10-30,241991,3266,90,12.396659946741162
427,韓国コスメ,【ロフト】LOFTで買える韓国コスメレビュー♡2024年新作や注目コスメ紹介！,水越みさと,2024-04-20,241068,2585,51,12.392838478548692
428,韓国コスメ,【ロフト】LOFTで買える韓国コスメレビュー♡2024年新作や注目コスメ紹介！,水越みさと,2024-04-20,241068,2585,51,12.392838478548692
429,ソウル観光,【現地レポ】ソウルのど真ん中がゴーストタウン化…韓国経済崩壊の序章!?,しずかちゃんのアジア歩き,2025-09-14,239239,2668,963,12.385222511158494
430,韓国ファッション,小物がかわいいのでまとめてみました👛👠🧣#スタッフショート　#韓国　#ファッション　#韓国楽しかったですね　#shorts,TAKIMAKI Channel / 滝沢眞規子Official,2023-03-15,239037,1955,11,12.384377814091053
431,ソウル観光,【韓国】2024年 ソウル旅行 グルメも観光も楽しめる2泊3日モデルコース （228）,A style 〜travel〜,2024-03-08,238255,0,36,12.381101004829986
432,韓国コスメ,#韓国旅行 に来たら絶対買って欲しい‼️ #オリーブヤング オススメアイテム‼️なんと韓国でしか買えません‼️お気に入りの店舗もチェケラ‼️,Ella 엘라,2023-08-29,236811,3714,5,12.375021856383695
433,韓国ファッション,🇰🇷服が990円‼️パジャマが490円‼️ #韓国 #韓国旅行 #渡韓 #渡韓情報 #ソウル #ソウル旅行 #韓国ファッション #short #shorts,ぼっちな韓国オタク🇰🇷みちゃん,2025-07-12,234857,3838,18,12.366736355171325
434,韓国ファッション,🇰🇷服が990円‼️パジャマが490円‼️ #韓国 #韓国旅行 #渡韓 #渡韓情報 #ソウル #ソウル旅行 #韓国ファッション #short #shorts,ぼっちな韓国オタク🇰🇷みちゃん,2025-07-12,234857,3838,18,12.366736355171325
435,韓国女子旅,韓国旅行の準備に🇰🇷最新入国手続き・両替・持ち物など,ゆかり🌏Yukari,2025-10-13,229368,4576,63,12.343087339410697
436,ソウル観光,韓国旅行の準備に🇰🇷最新入国手続き・両替・持ち物など,ゆかり🌏Yukari,2025-10-13,229368,4576,63,12.343087339410697
437,韓国ファッション,韓国でこのお店絶対に行くな🙅‍♀️ #韓国 #韓国旅行 #韓国ファッション #韓国コーデ,ぼっちな韓国オタク🇰🇷みちゃん,2025-11-08,228731,1414,18,12.340306291517074
438,韓国ファッション,韓国来たら絶対買うべし‼️今大人気のブランドをまとめてご紹介🇰🇷,【海外Vlog】Haru Daily,2024-08-09,224949,2122,44,12.323633434269318
439,韓国コスメ,【11月のお気に入り🍂】大バズり中のあのプチプラコスメや最強前髪キープスプレーなど7商品を厳選紹介！,水越みさと,2025-11-29,223543,2963,85,12.317363541668746
440,韓国コスメ,大人気韓国コスメブランドfweeをほぼ全種類試した私的、特に買うべき神コスメ6選はこれです！！！,ありちゃん〜毎月の支出の半分をコスメに充てる女〜,2025-10-23,222687,2041,49,12.313526967644577
441,韓国コスメ,大人気韓国コスメブランドfweeをほぼ全種類試した私的、特に買うべき神コスメ6選はこれです！！！,ありちゃん〜毎月の支出の半分をコスメに充てる女〜,2025-10-23,222687,2041,49,12.313526967644577
442,韓国コスメ,【韓国旅Vlog】激安の美容医療＆韓国コスメ！アラ還女子、韓国を旅して5歳若返った♪　★シミ取り／シワ取り／たるみ取り,トラベルねこchannel【50代からの大人旅】,2025-04-06,222679,1035,53,12.313491042297445
443,韓国女子旅,【韓国旅Vlog】激安の美容医療＆韓国コスメ！アラ還女子、韓国を旅して5歳若返った♪　★シミ取り／シワ取り／たるみ取り,トラベルねこchannel【50代からの大人旅】,2025-04-06,222679,1035,53,12.313491042297445
444,ソウル観光,深夜2時に出発する 韓国ソウル弾丸日帰り一人旅🇰🇷買い物、散髪、食べ歩き【リチャージWi-Fi ONEワールド】,おのだ/Onoda,2023-12-23,220514,2455,114,12.303720998766176
445,韓国ファッション,韓国で日本人だとバレるのはなぜ❓ファッション以外の要素も⁉️/ファッショントレンド/韓国ファッション/,ソア / seoa,2024-02-05,220325,3272,98,12.302863546707135
446,ソウル観光,韓国:現代デパート旗艦店！見どころツアー♪ソウル最大級の百貨店【 THE HYUNDAI SEOUL】韓国在住主婦のデパート散歩にお付き合いください〜＾＾,MOMOKA KIM - Japanese Mom in Korea -,2022-11-15,219490,3279,126,12.299066508378843
447,韓国ファッション,【モテる子はもうチェックしてる👀】春服の準備してる？🌸#shorts #fashion #wego #ウィゴー #outfit #韓国ファッション #カジュアル #ガーリー #トレンド,WEGOゆーちゅー部 -WEGO公式-,2025-02-19,218793,1833,4,12.295885926850492
448,韓国ファッション,まじこれ、詐欺すぎて後悔するよ？ #韓国コーデ #韓国ファッション #オールブラック #スラックス #ワイドパンツ #着痩せコーデ #脚痩せ #脚長コーデ #ショート丈 #ひねちノート #ひねち,ひねちノート。,2023-08-16,215192,2362,12,12.279290578859683
449,Kpop聖地巡り,EMOOTE 『スポットライト』Music Video②  #dance  #jpop #idol #electronicmusic #japan #tokyo #ダンス,EMOOTE Channel,2023-11-12,213912,1831,0,12.273324669287287
450,韓国コスメ,【2026年トレンド予想】今年はこれが流行りそう。発売されるコスメやルックから全力予想！,水越みさと,2026-01-24,211381,3214,95,12.261422202151655
451,ソウル観光,[ vlog ]韓国旅行🇰🇷とにかく人気店へ行く2泊3日！明洞/聖水/東大門/弘大/安国#vlog #韓国,インスタの代わりにvlog始めてみた,2025-06-28,206528,1352,36,12.238196117358386
452,韓国女子旅,[ vlog ]韓国旅行🇰🇷とにかく人気店へ行く2泊3日！明洞/聖水/東大門/弘大/安国#vlog #韓国,インスタの代わりにvlog始めてみた,2025-06-28,206528,1352,36,12.238196117358386
453,ソウル観光,初めての韓国旅行で行くべき観光スポット7選　#韓国 #韓国旅行 #shorts,きむあずまの韓国チャンネル,2024-03-02,206281,4322,24,12.236999443677327
454,韓国女子旅,初めての韓国旅行で行くべき観光スポット7選　#韓国 #韓国旅行 #shorts,きむあずまの韓国チャンネル,2024-03-02,206281,4322,24,12.236999443677327
455,韓国ファッション,【本望あやかちゃん❤️3色ショッピング🛍️】どんなコーデになるかな？👀#shorts #fashion #wego #ウィゴー #outfit #韓国ファッション #カジュアル #seju,WEGOゆーちゅー部 -WEGO公式-,2026-03-11,206277,2364,17,12.23698005255846
456,韓国ファッション,【本望あやかちゃん❤️3色ショッピング🛍️】どんなコーデになるかな？👀#shorts #fashion #wego #ウィゴー #outfit #韓国ファッション #カジュアル #seju,WEGOゆーちゅー部 -WEGO公式-,2026-03-11,206277,2364,17,12.23698005255846
457,韓国ファッション,【寒い冬を越すなら絶対これ！⛄️】チェックしてみてね👀✨#shorts #fashion #wego #ウィゴー #秋 #outfit #韓国ファッション #カジュアル #アウター,WEGOゆーちゅー部 -WEGO公式-,2024-11-06,206247,2039,1,12.236834607180214
458,韓国ファッション,【寒い冬を越すなら絶対これ！⛄️】チェックしてみてね👀✨#shorts #fashion #wego #ウィゴー #秋 #outfit #韓国ファッション #カジュアル #アウター,WEGOゆーちゅー部 -WEGO公式-,2024-11-06,206247,2039,1,12.236834607180214
459,ソウル観光,いま行くべき韓国ソウルおすすめ5選 #韓国旅行,にいけい【ここだけの韓国グルメ】,2025-01-24,204823,2562,8,12.22990635278157
460,韓国ファッション,【153㎝骨格ストレート/パーカーで垢抜ける方法🪄】参考にしてみてね🫶#shorts #fashion #wego #outfit #体型カバー #着こなし #韓国ファッション #ストリート,WEGOゆーちゅー部 -WEGO公式-,2025-09-23,202823,1328,3,12.220093886892428
461,韓国女子旅,【Vlog】念願の女子2人旅in韓国🇰🇷✈️カフェ､雑貨屋さん､ショッピング🛍人生初の美容施術も🧖🏻‍♀️✨️,きょうかちゃんねる,2025-02-16,202275,4113,108,12.217388380428497
462,韓国ファッション,GRL冬コーデ5選💞冬になると足出したくなる現象なに…🫢⚡️#grl購入品#grlコーデ#grl#プチプラコーデ#韓国ファッション #韓国ガーリー#1週間コーデ #着回しコーデ,kuu room,2025-12-17,201334,2044,9,12.212725466360274
463,韓国ファッション,GRL冬コーデ5選💞冬になると足出したくなる現象なに…🫢⚡️#grl購入品#grlコーデ#grl#プチプラコーデ#韓国ファッション #韓国ガーリー#1週間コーデ #着回しコーデ,kuu room,2025-12-17,201334,2044,9,12.212725466360274
464,韓国女子旅,2泊3日韓国女子旅vlog🇰🇷 初日はソンスでカフェ巡りしたりお買い物したよ🎀🤍 #韓国 #韓国旅行 #女子旅 #vlog #旅行vlog #休日vlog #社会人の休日,𝒌𝒂𝒔𝒖𝒎𝒊🤍 ┊︎ 丸の内OLの日常,2024-10-31,200565,7539,9,12.208898648619236
465,ソウル観光,"Seoul Vlog – Fall Food Tour, Cozy Cafés, Dongdaemun Shopping, Naksan Park Sunset, Golden Pig BBQ",omemo 올리네,2025-11-18,200304,3634,101,12.207596483898516
466,ソウル観光,"Coffee, Food &amp; Shopping at Seongsu, Seoul&#39;s Trendiest Neighborhood",omemo 올리네,2025-09-22,197933,3592,98,12.195688920775435
467,韓国ファッション,冬のモテスタイルGRLOOK❄️⛄️🤍#grl #grlコーデ #grl購入品 #グレイル #冬服 #冬コーデ #秋冬コーデ #韓国ファッション #おすすめ #コーデ紹介 #プチプラ,ramu ,2025-11-12,197646,3050,13,12.194237890264079
468,ソウル観光,超おすすめ明洞ホテルおすすめ5選✨ #韓国旅行 #明洞 #ソウル観光  #shorts,all korea,2025-01-31,196443,1818,15,12.188132682397509
469,ソウル観光,【Korea Vlog 】-11°Cの極寒ソウル でも大満喫女子2人旅⛄️🇰🇷🥶shopping🛒cafe☕️🫶,すず 스즈,2026-01-26,195173,5474,273,12.181646747368347
470,ソウル観光,【韓国】ソウルでおすすめキレイなホテル！コスパ良し！観光に便利な明洞・江南・東大門 （201）,A style 〜travel〜,2023-06-03,193615,0,33,12.173632095037833
471,ソウル観光,"seoul vlog | 3泊4日の韓国ひとり旅🇰🇷話題のカフェ,グルメ,ショッピング,美容大満喫♡安国,龍山,狎鴎亭,江南,三清洞,漢江etc..",Link,2025-05-27,192991,2377,180,12.170404016250714
472,韓国ファッション,【Part1】ソウル行ったら絶対行くべき！韓国ファッションブランド🇰🇷 #shorts #韓国,ももち Momochi / 牛江桃子,2024-02-22,189952,2325,12,12.154531952120957
473,韓国ファッション,【爆買い】大量購入した韓国の購入品を紹介します！！,みなみチャンネル,2025-11-25,189663,2663,70,12.153009364587565
474,韓国女子旅,〈韓国女子旅〉24時間営業の無人ラーメンコンビニを発見！,ぴと@旅行WEBライター✈️,2023-02-27,185114,3493,40,12.128732532555393
475,韓国女子旅,【韓国✈️弾丸ひとり旅 】土日のみ1泊2日！2週間前にチケ取りして行ってきました（1人旅 / 推し活 / 江南）,人生まるまりたい女の休日,2026-01-17,184791,2422,98,12.12698614720939
476,ソウル観光,【韓国✈️弾丸ひとり旅 】土日のみ1泊2日！2週間前にチケ取りして行ってきました（1人旅 / 推し活 / 江南）,人生まるまりたい女の休日,2026-01-17,184791,2422,98,12.12698614720939
477,韓国ファッション,服好きの妻と韓国2泊3日で古着屋＆爆買い爆食い旅行で大散財しました【古着/服とメシ】,ハルキの服,2023-08-05,184556,1551,65,12.12571363783906
478,韓国ファッション,韓国ファッション着回しコーデ❤︎❕もう冬服買った？？,Hikari 히카리,2022-10-25,183289,2604,39,12.118824876965894
479,ソウル観光,【明洞】韓国でしかできない事を1泊2日で楽しみ尽くす女ひとり大満足旅‼️,【海外Vlog】Haru Daily,2025-04-13,182892,2402,135,12.11665656136662
480,韓国女子旅,【明洞】韓国でしかできない事を1泊2日で楽しみ尽くす女ひとり大満足旅‼️,【海外Vlog】Haru Daily,2025-04-13,182892,2402,135,12.11665656136662
481,韓国ファッション,日本と韓国のファッションの違い　#韓国 #ファッション,トッポギ侍【おがみょんがんちゃん】,2024-10-29,182757,5060,167,12.115918152303694
482,ソウル観光,秋の韓国ソウルひとり旅🇰🇷🍂 ショッピング､グルメ•カフェ、美容すべてを満喫する2泊3日,em iffy,2025-12-03,177906,3464,89,12.089016220828102
483,ソウル観光,【Seoul Vlog🇰🇷】韓国 ソウル旅行 4泊5日 | 40代男の一人旅 | カフェ・買い物・眉アートメイク・美容室 | 聖水洞、狎鴎亭、カロスキル【2025最新】,えとう / Hiroshige Eto,2025-06-06,177135,3371,393,12.084673078099248
484,韓国ファッション,秋冬デートGRLOOK🥂🍂👜♡#grl #grlコーデ #grl購入品 #秋服 #秋冬コーデ #韓国ファッション #プチプラ #おすすめ #デニムコーデ #コーデ紹介 #骨格ウェーブ,ramu ,2025-10-30,176125,2788,8,12.078954926970527
485,ソウル観光,明洞で絶対に行くべきお店・スポット10選 #shorts,韓国おさんぽTV【Korea Walk TV】,2024-09-13,174473,1743,1,12.069531012388772
486,Kpop聖地巡り,明洞で絶対に行くべきお店・スポット10選 #shorts,韓国おさんぽTV【Korea Walk TV】,2024-09-13,174473,1743,1,12.069531012388772
487,韓国ファッション,明洞で絶対に行くべきお店・スポット10選 #shorts,韓国おさんぽTV【Korea Walk TV】,2024-09-13,174473,1743,1,12.069531012388772
488,韓国ファッション,韓国人彼氏と別れました,MOMO CLUB 모모클럽,2026-03-12,172677,2081,393,12.05918386748513
489,韓国女子旅,【韓国旅行Vlog】ホットで定番コースをめぐる ソウル女子旅3日間 | 買物 | グルメ | カフェ Korea/Seoul trip,ゴルトラ / Golf Traveler Amy,2024-05-03,171741,889,19,12.053748629669323
490,韓国ファッション,【冬のデートコーデ3選🧣💘】参考にしてみてね🫶#shorts #fashion #wego #ウィゴー #秋 #outfit #韓国ファッション #カジュアル #デート #トレンド #knit,WEGOゆーちゅー部 -WEGO公式-,2024-11-19,169599,1581,3,12.04119800233994
491,韓国ファッション,【冬のデートコーデ3選🧣💘】参考にしてみてね🫶#shorts #fashion #wego #ウィゴー #秋 #outfit #韓国ファッション #カジュアル #デート #トレンド #knit,WEGOゆーちゅー部 -WEGO公式-,2024-11-19,169599,1581,3,12.04119800233994
492,ソウル観光,千秋の韓国旅行全部見せ！14回目のソウル🇰🇷韓国在住サリーが行くお店だから最新＆穴場ばっかり✴︎寄った場所全紹介 #旅vlog #韓国グルメ #韓国雑貨 ＃韓国カフェ #すっぴん,千秋ちゃんねる,2024-08-09,168649,1225,22,12.035580840489796
493,韓国ファッション,【買い物】韓国のカフェ&amp;セレクトショップ巡り！Visit Korean cafes and select shops!,OURs,2024-09-24,166689,2094,96,12.023891078937133
494,韓国女子旅,【完全保存版】2025年最新! 夏の韓国旅行2泊3日モデルコース‼️韓国旅行初心者の完全ガイド🔰明洞・聖水・南大門 韓国人気エリア巡り！ソウル旅行お得なクーポン,I Korea U 아이코,2025-07-08,165453,698,26,12.016448489545876
495,ソウル観光,【完全保存版】2025年最新! 夏の韓国旅行2泊3日モデルコース‼️韓国旅行初心者の完全ガイド🔰明洞・聖水・南大門 韓国人気エリア巡り！ソウル旅行お得なクーポン,I Korea U 아이코,2025-07-08,165453,698,26,12.016448489545876
496,ソウル観光,#ソウルグルメ #韓国旅行 #渡韓情報 #韓国グルメおすすめ #韓国ご飯 #オススメ #韓国 #韓国情報 #南大門 #ナンデムンシジャン #食べ歩き #南大門市場,ただのオタク ミーナ🧸,2024-06-29,164477,0,0,12.010532101641935
497,韓国ファッション,【今から着れる🤍春服デートコーデ3選🎀】どのコーデが好き？👀#shorts #fashion #wego #ウィゴー #カジュアル #ガーリー #韓国ファッション,WEGOゆーちゅー部 -WEGO公式-,2025-01-26,163864,2263,0,12.006798197083556
498,韓国ファッション,【今から着れる🤍春服デートコーデ3選🎀】どのコーデが好き？👀#shorts #fashion #wego #ウィゴー #カジュアル #ガーリー #韓国ファッション,WEGOゆーちゅー部 -WEGO公式-,2025-01-26,163864,2263,0,12.006798197083556
499,韓国女子旅,【韓国】パンとグルメとお買い物大満喫のソウル三日間🇰🇷🥐2泊3日姉妹旅vlog｜聖水・明洞・東大門,Mia,2025-07-25,163016,1253,61,12.001609768829136
500,韓国ファッション,【韓国Vlog🇰🇷】服好き必見❣️現地ブランド13店舗で爆買い旅！ソウル3泊4日,ぴょるかな / 별가나,2023-03-14,157608,3820,35,11.967872561374381
501,韓国ファッション,【プチプラ】SHOPLISTで韓国ファッション爆買い︕【購入品紹介】,さくらチャンネル,2020-12-12,157150,3555,183,11.964962405552589
502,韓国女子旅,韓国に行くなら絶対に覚えておくべきこと5選💖初めての渡韓、久々の渡韓の方、これだけは知っておいて！超大事な韓国旅行のコツを紹介🌈#newt #韓国 #韓国旅行 #ソウル  #韓国女子旅 #渡韓,NEWT（ニュート）公式,2025-02-27,156170,2116,3,11.95870683973987
503,ソウル観光,【韓国】海外初めての妹をつれて南大門＆明洞で食べ歩きツアー‼️【トリファeSIM】,【海外Vlog】Haru Daily,2024-09-27,156138,2329,74,11.958501915144998
504,韓国ファッション,【SHEIN】ここ最近で1番脂肪あるから、着痩せする服探してみた🔍#骨スト #骨格ストレート #shein シーン #シーン購入品 #着痩せコーデ #韓国ファッション #ぽっちゃり #デニム,きなこもち,2025-03-08,154236,1617,4,11.946245659447746
505,韓国ファッション,🇰🇷韓国人にも大人気な服屋さんはここ💡 #韓国 #韓国旅行 #韓国ファッション #ソウル #渡韓,【韓国留学生】あやな🐰,2025-06-22,152960,2361,11,11.937938265920762
506,韓国ファッション,まだ高速ターミナル行ってるの⁉️行かなきゃ損💦服買うなら絶対ここ💓 #韓国 #韓国情報 #韓国最新 #韓国最新情報 #渡韓 #渡韓情報 #韓国旅行 #韓国旅行情報 #韓国旅行情報最新,ぼっちな韓国オタク🇰🇷みちゃん,2023-11-28,151890,3150,7,11.930918437322289
507,ソウル観光,中国人が日本から韓国へ大移動!? ソウルの明洞がとんでもない姿に…,しずかちゃんのアジア歩き,2025-12-06,151646,1300,321,11.929310730527384
508,韓国ファッション,🇯🇵日本vs韓国🇰🇷 アイドルオタク暦別コーデ！コンサート会場でよくみるオタクをDHOLICで再現してみました👀 #あるある #オタク #韓国ファッション,DHOLIC TV,2023-05-23,150057,1004,9,11.918777165008768
509,韓国ファッション,🇯🇵日本vs韓国🇰🇷 アイドルオタク暦別コーデ！コンサート会場でよくみるオタクをDHOLICで再現してみました👀 #あるある #オタク #韓国ファッション,DHOLIC TV,2023-05-23,150057,1004,9,11.918777165008768
510,韓国ファッション,韓国ファッション巡り大特集！今アツいショップ行きまくる。,宮永えいと,2024-10-05,148337,2140,109,11.907248732659548
511,ソウル観光,【韓国旅行】ソウルで食べるべき韓国グルメ5選 #韓国グルメ #ソウル旅行,にいけい【ここだけの韓国グルメ】,2024-08-18,147845,2093,17,11.903926470467571
512,ソウル観光,"[ 韓国vlog ] 念願の初韓国🇰🇷ソウル2泊3日┊冬の韓国┊東大門,明洞,安国,聖水,江南,狎鴎亭ロデオ┊ジンくんセンイル🐹🎂꙳⋆┊ユッケビビンバ┊爆買い🛍️女子旅┊4K [ SUB/KOR ]",poni,2025-12-18,147476,2223,360,11.901427510399932
513,韓国女子旅,"[ 韓国vlog ] 念願の初韓国🇰🇷ソウル2泊3日┊冬の韓国┊東大門,明洞,安国,聖水,江南,狎鴎亭ロデオ┊ジンくんセンイル🐹🎂꙳⋆┊ユッケビビンバ┊爆買い🛍️女子旅┊4K [ SUB/KOR ]",poni,2025-12-18,147476,2223,360,11.901427510399932
514,ソウル観光,"【ソウル旅行6日間(4K)】約40軒の新オープンカフェ,ローカルグルメ,雑貨店巡り | 冬の韓国旅行プラン | まだあまり知られていないスポットを巡る❄️☕️",momocolog ,2026-01-23,147254,0,108,11.899921056794732
515,韓国ファッション,韓国ファッション好きの全身GRLコーデ🤍#grl,きよ,2025-03-05,147085,2208,2,11.898772728708796
516,韓国ファッション,韓国ファッション好きの全身GRLコーデ🤍#grl,きよ,2025-03-05,147085,2208,2,11.898772728708796
517,韓国ファッション,ハニーズでつくる韓国風春コーデ🌸🥹🎀 #shorts #Honeys #ハニーズ #韓国コーデ #韓国 #プチプラコーデ #骨スト #骨格ストレート,Honeys(ハニーズ),2025-04-30,146282,1633,1,11.893298380666636
518,韓国女子旅,【2泊3日ソウルVLOG】初めての韓国旅が大成功！明洞｜聖水｜安国｜市庁｜美容も満喫✈️ (KR Sub),Noco Travel,2025-07-11,145596,1190,83,11.888597810136845
519,ソウル観光,【韓国旅行】1番好きな安くて旨いソウルの南大門市場で食べ歩き‼️,【海外Vlog】Haru Daily,2024-05-05,144293,2211,113,11.879608163855908
520,韓国ファッション,【Lookbook】20代半ばの韓国ファッション冬服1週間コーディネート🇰🇷日本でも買える韓国通販見つけた✌🏻,미사닝,2021-12-19,143802,3184,314,11.876199586360231
521,韓国ファッション,見つけたら即買い‼️韓国ブランド🇰🇷✨ #韓国 #韓国旅行 #韓国旅行情報 #渡韓 #渡韓情報 #ソウル #ソウル旅行 #short #shorts,ぼっちな韓国オタク🇰🇷みちゃん,2024-08-06,140518,2569,20,11.853097989929733
522,韓国ファッション,韓国で冬服大量ゲットしたけん紹介する⛄️🩵韓国限定の服も🤍,미소 みそ,2024-12-08,138079,1588,127,11.835588506317254
523,韓国ファッション,ブラウン×ブルーコーデ大好きです！🤎🩵#秋服 #秋コーデ #ブラウンコーデ #韓国ファッション #韓国コーデ #fashion #outfit #ootd #レザージャケット #おすすめ,ハヌル하늘,2025-09-25,138004,2075,11,11.83504519536704
524,韓国ファッション,ブラウン×ブルーコーデ大好きです！🤎🩵#秋服 #秋コーデ #ブラウンコーデ #韓国ファッション #韓国コーデ #fashion #outfit #ootd #レザージャケット #おすすめ,ハヌル하늘,2025-09-25,138004,2075,11,11.83504519536704
525,韓国女子旅,【韓国vlog】3泊4日の韓国旅行🇰🇷💓ファンミ開催や爆買いショッピング、韓国グルメなど大充実🛍️✨macotoちゃんとほろ酔いトークも💞,ひよんちゃんねる,2025-11-21,135804,762,35,11.818975312280187
526,韓国ファッション,韓国ファッション🇰🇷秋服コーデ5選🍂🌰🤎#秋服 #フォルニュア,Amaneあまね,2024-10-30,135503,0,26,11.81675643916138
527,韓国ファッション,【韓国買い物Vlog】スタイリスト金子綾が東原亜希ちゃん等と韓国の人気ブランドでリアルショッピング🇰🇷購入品もすこしお見せします！【リアルバイ】,金子綾 / ファッションスタイリスト,2026-01-16,132402,912,16,11.793605580838614
528,韓国ファッション,2泊3日韓国旅行🇰🇷 何度も通うお気に入りのセレクトショップ＆AW購入品👜,Otena vlog,2025-09-27,130991,2256,81,11.78289153161623
529,ソウル観光,1人韓国🇰🇷40時間で人気店だけまわってきた！聖水、漢南洞、明洞、安国、弘大、皮膚管理も,かばみちゃんねる,2025-11-07,129579,1311,52,11.772053730003949
530,ソウル観光,【韓国】ソウルで人気大爆発中のおしゃれタウン「ソンス」を大調査🇰🇷有名なお店全部回ってみた‼️,【海外Vlog】Haru Daily,2024-07-31,128745,1942,55,11.765596750082198
531,韓国女子旅,韓国女子旅1日目 | Korea Vlog Day1,Hitomi,2016-05-23,128431,566,43,11.763154860371358
532,韓国ファッション,【韓国ショッピング】本当は教えたくない！最新セレクトショップ巡り【ファッション/インテリア/グルメ】,NO RULES FOR,2023-04-27,127911,1121,15,11.759097806465256
533,ソウル観光,【韓国・ソウル】50代女子ひとり旅。東大門/聖水/ソウルダル　美味しく食べて飲んだ旅のキロク,寅。travel  〜50 代女子の旅日記〜,2025-05-03,127715,1054,98,11.757564327829044
534,ソウル観光,本当に美味しかった韓国ソウルおすすめグルメ10選 | 韓国旅行,にいけい【ここだけの韓国グルメ】,2025-06-25,127662,1245,41,11.757149258455597
535,ソウル観光,【2泊3日韓国旅行】グルメも買い物も大満足できる観光地5選紹介します | 韓国グルメ,にいけい【ここだけの韓国グルメ】,2024-12-21,126208,1054,13,11.745694541918855
536,韓国ファッション,【☃️冬に韓国行く人必見】韓国の冬は痛いくらい寒いから、韓国の人の冬の服装を参考に暖かく過ごそう🥶❤️‍🔥 #海外女子旅 #韓国旅行 #韓国女子旅 #ソウル観光 #ソウル旅行,けいたび,2024-12-26,125614,875,13,11.740976952637022
537,ソウル観光,【初めての韓国旅行】失敗したこと・後悔していること５選【ソウル旅行初心者向け】,すーたろの旅ログ,2025-06-21,123885,1548,76,11.72711706688261
538,韓国女子旅,〈韓国vlog〉2泊3日韓国女子旅⛄️🧤/美味しかったごはん屋さん🥟/カフェ巡り🧸/明洞/聖水/現代ソウル,Kiki,2024-01-13,123291,1021,28,11.722310804646833
539,韓国ファッション,GRL大量購入Part1！！#韓国ファッション #冬服 #grl #購入品,ハヌル하늘,2024-02-09,121693,2496,1,11.70926497619904
540,韓国ファッション,autumn lookbook‎🍂☕️大好きな秋服で韓国っぽコーデ6選🧸⸝⋆‎🤍158cm/骨格ストレート,すず 스즈,2025-10-01,121640,2927,97,11.70882936273745
541,ソウル観光,【韓国🇰🇷ひとり旅】冬のソウルであったか韓国グルメ巡り✨🤍屋台や市場でアツアツローカルフードを食べ歩く2泊3日ひとり旅｜東大門・南大門・広蔵市場,なとのり / 女ひとり旅,2025-12-13,121508,1416,200,11.707743613093465
542,韓国女子旅,【韓国🇰🇷ひとり旅】冬のソウルであったか韓国グルメ巡り✨🤍屋台や市場でアツアツローカルフードを食べ歩く2泊3日ひとり旅｜東大門・南大門・広蔵市場,なとのり / 女ひとり旅,2025-12-13,121508,1416,200,11.707743613093465
543,韓国女子旅,【母娘で行く韓国女子旅vlog🇰🇷】可愛いに溺れるソウル3日間🫶｜ファッション・グルメ・雑貨・購入品まとめ,Otena vlog,2025-11-15,121389,2152,80,11.70676378189185
544,韓国女子旅,【VLOG】韓国女子旅🇰🇷朝から食べて爆買いして充実🤣最新グルメ&amp;ファッションも紹介❤️‍🔥【聖水】,미소 みそ,2024-05-31,121306,1542,56,11.706079801428672
545,韓国女子旅,明洞ショッピングするなら絶対ここ！#韓国 #韓国旅行 #韓国女子旅 #newt #海外旅行 #韓国トレンド #韓国ファッション #韓国vlog #女子旅 #大学生,NEWT（ニュート）公式,2024-05-16,121148,3605,4,11.704776471980312
546,韓国女子旅,【韓国Vlog】2泊3日のソウル女子旅🇰🇷今回もいろんなショップで洋服を爆買いしました🫶RECTO/ORR/MONOHA/AMOMENTO etc...【ショッピング、カフェ、グルメ】,金子綾 / ファッションスタイリスト,2025-07-28,120929,947,18,11.702967144779322
547,韓国ファッション,【韓国Vlog】2泊3日のソウル女子旅🇰🇷今回もいろんなショップで洋服を爆買いしました🫶RECTO/ORR/MONOHA/AMOMENTO etc...【ショッピング、カフェ、グルメ】,金子綾 / ファッションスタイリスト,2025-07-28,120929,947,18,11.702967144779322
548,ソウル観光,"【Seoul vlog🇰🇷】2泊3日の韓国旅行🥨🤍グルメとショッピング,美容を大満喫🥯東大門/明洞/ロンドンベーグル/聖水/仁川空港",mopo vlog,2025-05-24,119830,1032,43,11.693837695797379
549,韓国ファッション,【総額250万w】韓国で狂ったように爆買い💸人気韓国ブランド服&amp;バック全部可愛いけん紹介するよ🩷【ソンス】,미소 みそ,2024-05-02,118942,1481,109,11.686399665743908
550,韓国ファッション,【総額250万w】韓国で狂ったように爆買い💸人気韓国ブランド服&amp;バック全部可愛いけん紹介するよ🩷【ソンス】,미소 みそ,2024-05-02,118942,1481,109,11.686399665743908
551,韓国ファッション,ZOZOTOWNで韓国っぽい秋服大量購入💰🍁158cm/骨格ストレート,すず 스즈,2024-09-27,117905,1482,47,11.677642975815822
552,ソウル観光,【韓国 ソウル🇰🇷グルメ】ソウルで食べるだけの旅 | 30軒オーバー | 明洞 | 東大門 | 聖水 | 성수 | 狎鴎亭 | 압구정 | 2025 最新 | 서울 맛집 | 수유 | 龍山,渡航のグルメ | tokounogourmet【グルメ旅】,2025-02-15,117717,661,37,11.676047212736556
553,韓国女子旅,【韓国✈️女ひとり旅 / 総集編】宿代ケチって推しに土日を捧げた女（1人旅 / 弾丸 / 作業用BGM）,人生まるまりたい女の休日,2025-11-19,117048,1268,63,11.670347929525022
554,韓国女子旅,"【永久保存版‼️】渡韓歴30年が教える！韓国ソウル旅行完全ガイド20選🇰🇷 見ないと損🚨韓国航空券＆eSIM 韓国旅行おすすめエリア［明洞,聖水,東大門,龍山］",I Korea U 아이코,2025-10-10,116746,1210,30,11.66776447926952
555,ソウル観光,"【永久保存版‼️】渡韓歴30年が教える！韓国ソウル旅行完全ガイド20選🇰🇷 見ないと損🚨韓国航空券＆eSIM 韓国旅行おすすめエリア［明洞,聖水,東大門,龍山］",I Korea U 아이코,2025-10-10,116746,1210,30,11.66776447926952
556,韓国ファッション,印象UPできる!先輩ウケ韓国コーデ #shorts,韓国ファッションマガジンLapiLapi,2023-06-05,116527,732,0,11.665886866457697
557,韓国ファッション,総額約19万円分の爆買いin韓国🇰🇷春夏服からコスメまで全19点購入品,柳橋唯チャンネル,2025-05-07,116265,1176,60,11.663635948387459
558,ソウル観光,【完全保存版】2025年最新! 今の韓国旅行3泊4日モデルコース‼️人気店を並ばずに楽しむ韓国旅行初心者の完全ガイド🔰飛行機の手続きから入国まで徹底解説！ソウル旅行お得なクーポン,I Korea U 아이코,2025-03-23,115747,571,12,11.659170693181492
559,韓国ファッション,寒いの？何着ればいいの？一瞬解決🙆‍♀️最新韓国服装🇰🇷 #韓国 #韓国旅行 #韓国旅行情報 #韓国最新 #韓国最新情報 #韓国旅行情報最新 #渡韓 #渡韓情報 #渡韓情報 #渡韓最新情報,ぼっちな韓国オタク🇰🇷みちゃん,2023-12-01,114019,1157,23,11.644129150585574
560,韓国ファッション,【KOREA🇰🇷HAUL】金子綾が韓国ブランド爆買い🫶アイテム着用しながらノリノリで紹介します🤣【RECTO /AMOMENTO /MONOHA /EENK /ORR etc...】,金子綾 / ファッションスタイリスト,2025-08-01,113683,1014,26,11.64117794864034
561,韓国ファッション,【KOREA🇰🇷HAUL】金子綾が韓国ブランド爆買い🫶アイテム着用しながらノリノリで紹介します🤣【RECTO /AMOMENTO /MONOHA /EENK /ORR etc...】,金子綾 / ファッションスタイリスト,2025-08-01,113683,1014,26,11.64117794864034
562,韓国ファッション,【SHEIN購入品】冬の韓国コーデ、最高に可愛いです😳🇰🇷,りなてぃ,2023-12-12,113596,1579,121,11.640412376469774
563,韓国ファッション,【SHEIN購入品】冬の韓国コーデ、最高に可愛いです😳🇰🇷,りなてぃ,2023-12-12,113596,1579,121,11.640412376469774
564,ソウル観光,【韓国旅行1】初心者必見！観光・グルメ王道コース！(明洞/梨泰院/東大門/広蔵市場/現代百貨店/カジノ/弘大),Trip Brothers -とりっぷぶらざーず-,2024-10-11,112878,451,16,11.634071727522182
565,韓国ファッション,韓国でプチプラ高みえ服買うなら絶対ココ✨ #韓国 #韓国情報 #韓国旅行 #韓国旅行情報 #渡韓 #渡韓情報 #韓国最新情報 #ソウル #ソウル旅行 #short #shorts,ぼっちな韓国オタク🇰🇷みちゃん,2024-04-17,112586,3293,9,11.631481535091796
566,ソウル観光,"極寒!?❄️真冬の3泊4日の韓国旅行🇰🇷明洞,弘大,景福宮,安国まで行ける大充実＆爆食旅✈️【韓国vlog】",さやぞう sayazou,2025-01-12,111229,0,74,11.619355408586076
567,韓国ファッション,韓国人から見た日本人(ファッション編) #韓国人 #韓国 #韓国旅行,トッポギ侍【おがみょんがんちゃん】,2024-09-02,109788,2606,79,11.606315620889639
568,韓国女子旅,韓国女子旅【vlog】,五明祐子GOMYO CHANNEL,2025-10-09,108735,1311,13,11.596678205031603
569,韓国ファッション,なんでシンプルなのに可愛いの？韓国女子の春コーデが参考になる。 #shorts #韓国ファッション,韓国ファッションマガジンLapiLapi,2023-04-23,108149,1321,1,11.591274431381205
570,韓国ファッション,夏服を可愛く秋服にしちゃうよ☝🏻✨ #韓国ファッション #韓国コーデ #ootd #fashion #夏服 #夏コーデ #秋服 #秋コーデ,ハヌル하늘,2024-08-31,108003,1501,7,11.589923542457539
571,韓国ファッション,韓国17kgで夏服ゲット！JKだから新系統ファッションでイメチェン！【イチナナキログラム】,ひまひまチャンネル,2023-06-22,107330,1624,128,11.583672796491703
572,韓国ファッション,【大量購入品】韓国で爆買いしてきたからぜーーんぶ紹介します🇰🇷🛍着画紹介してます(⊃^-^)⊃-｡･*･:≡,かっぱちゃんねる,2026-01-11,106613,1415,62,11.57697011417313
573,Kpop聖地巡り,【閲覧注意】ソウル最恐の心霊スポットに足を踏み入れた配信者の末路...【IVE/レイ/ガウル】日本語字幕  #Shorts,POPsWAMP:IVE,2023-01-27,104051,3922,21,11.55264605316516
574,Kpop聖地巡り,ついに外国人に有名観光スポットになってるトー横界隈ww  #shorts  #歌舞伎町シネシティ広場 #外国人 #海外 #歌舞伎町 #トー横 #コンカフェ #地雷系,田中太郎ch,2025-10-03,104050,191,134,11.552636442539653
575,韓国ファッション,【キャミワンピ着回し5選】夏コーデ｜LOOKBOOK｜#patra #韓国ファッション #トレンドファッション #ファッション通販 #shorts,PATRA Official Channel,2023-07-04,103435,1209,1,11.546708342937798
576,韓国女子旅,【韓国1泊2日  1人旅】旅費公開👛渡韓歴50回  美容看護師オススメプラン。初めてのひとり韓国旅でも安心。美容とグルメを満喫できる韓国1泊2日プランを公開。1人スッピン旅(メイクポーチ忘れました),美容看護師 YUKI chan,2025-01-26,101215,781,56,11.525012126105375
577,韓国女子旅,【韓国1日目】半年ぶりの韓国、仁川入国から東大門へ,mihona【独女の月1ひとり旅】,2025-07-03,100567,997,88,11.518589394594667
578,韓国女子旅,【旅vlog】韓国女子旅2泊3日,五明祐子GOMYO CHANNEL,2023-03-25,99214,1080,26,11.505044491519353
579,韓国女子旅,【韓国旅行】24時間で韓国を楽しむ30代女子旅！,Mitoma Makeup,2023-01-07,98063,808,48,11.493375605725513
580,韓国ファッション,パート12 韓国女子に学ぶ！夏コーデまとめ #shorts #韓国ファッション,韓国ファッションマガジンLapiLapi,2023-08-08,97498,780,2,11.487597400523084
581,韓国女子旅,出産前にやりたかった２泊３日韓国女子旅,しょうごっこ,2025-09-21,96959,1038,58,11.482053801303142
582,Kpop聖地巡り,BTSが歩いたあの場所〜京都・東京・沖縄・神戸が聖地に　 #kpop #雑学 #bts,BTSパジャマ倶楽部,2025-07-02,96603,1222,15,11.478375427210823
583,韓国ファッション,"【韓国購入品】韓国無印,DAISO,ファッションアイテムからシールまで♡韓国で爆買いしたものをなぜか大爆笑しながらご紹介！",東原亜希 / AKI HIGASHIHARA,2026-01-28,94087,773,23,11.451985793530872
584,韓国ファッション,【MUSINSA】韓国ファッション好きな大学生の冬の1週間コーデVLOG🐰🧣東京でのファンミの準備でバタバタ日常 (ふう。笑),Janeぜうん,2024-11-25,91904,1982,274,11.428510713827865
585,韓国ファッション,【LookBook】韓国ファッション 秋の1週間コーデ🇰🇷,미사닝,2024-10-26,86153,2316,163,11.363891671522431
586,韓国ファッション,やっぱ秋服かわええ🤍#韓国ファッション #韓国コーデ #デニム #秋服 #秋コーデ #着回し #ootd #fashion #outfit,ハヌル하늘,2024-09-10,83141,877,5,11.32830526832677
587,Kpop聖地巡り,[koreavlog] kpopアイドル聖地巡りしてたら本人に会えちゃった2・3日目🌤💨 / smstore / yg社屋 / thesame / treasure / HIBE / 成均館大学,cona2,2022-12-08,79084,761,29,11.278278502397589
588,韓国ファッション,陰の者が韓国ファッションに感化された結果　#shorts #韓国 #kpop,たくみん,2022-01-20,78560,402,48,11.27163067207157
589,韓国ファッション,【購入品】韓国在住女が韓国で爆買いしたもの👚💸韓国人にも人気なおすすめブランド🇰🇷オリヤン｜コスメ🫧おまけのハワイ購入品紹介🌺,Amaneあまね,2026-02-08,77577,0,69,11.259039160821487
590,韓国ファッション,【vlog】1泊2日韓国女子旅🇰🇷｜聖水でおしゃれショッピング＆東出門で人気のグルメを満喫✨,𝗮𝗶𝗻𝘆𝗮𝗻 𝘃𝗹𝗼𝗴,2025-03-15,77036,612,16,11.252041104903824
591,韓国ドラマロケ地,【韓国ドラマ】「マイディアミスター」〜私のおじさん〜 を見るポイント３選を話します！  (KOR/JPN sub),【맛집.韓国グルメ】고추와사비ch -コチュわさびch-,2021-07-25,72113,1480,83,11.186003479180844
592,韓国ファッション,【Part2】ソウル行ったら絶対行くべき！韓国ファッションブランド🇰🇷 #shorts #韓国,ももち Momochi / 牛江桃子,2024-02-23,71029,1315,3,11.170857601991855
593,韓国ファッション,高見え韓国服！お値段以上のクオリティ◎大人女性に似合うキレイ目できちんとした韓国アパレルをご紹介^^,MOMOKA KIM - Japanese Mom in Korea -,2022-07-11,69471,1871,101,11.148679072678018
594,韓国ドラマロケ地,人気韓国ドラマロケ地にBTSの聖地まで！楽しい大邱(テグ)1Dayツアー【日韓夫婦/韓国旅行/日帰り旅行】,うかるか in KOREA우카루카,2021-12-09,64834,1775,69,11.079600859982985
595,韓国ファッション,【韓国🇰🇷ES 02】韓国ファッション祭り。いろいろなセレクトショップをご紹介！お買い物に次ぐお買い物の連続。ディナーは念願の韓国料理チュクミを堪能。@nagisaTV,nagisa TV+,2023-05-10,63544,544,31,11.05950359531617
596,Kpop聖地巡り,【韓国旅行2026】韓国最新情報‼️｜ソンス(聖水)のおすすめスポット🇰🇷穴場カフェ、KITHソウルがリニューアル、TIRTIR、Brandy Melville、ソウルの森、行列ベーグル、激安食堂,FOODOJO (miyu),2025-06-14,61657,0,14,11.029358264975064
597,韓国ファッション,韓国ファッション秋冬コーデ🇰🇷#sona購入品#sonahaul,미사닝,2023-11-12,61533,1975,95,11.027345146560275
598,韓国ファッション,🇰🇷 Korea Haul🪽総額20万円 !! ꒰՞ °ᗝ°՞꒱ 韓国で爆買いしてきたから購入品紹介するょ🥣💸,きょうかちゃんねる,2026-02-07,61063,1169,35,11.019677773478307
599,Kpop聖地巡り,EMOOTE 『スポットライト』Music Video①  #dance  #jpop #idol #electronicmusic #japan #tokyo #ダンス,EMOOTE Channel,2023-11-11,57214,3225,2,10.954571380751815
600,韓国ドラマロケ地,【衝撃】有名な韓ドラのロケ地が再開発で消滅│おつかれさま・青春の記録・その年、私たちは│など,シギシギの韓国案内,2025-05-06,42460,737,46,10.656341286557868
601,韓国ドラマロケ地,ソウルから日帰り！大長今パーク行ったら…時代劇オタク私、歓喜😭【行き方ガイド付】,ありのハル 아리의하루,2025-07-10,39515,285,39,10.584460932164365
602,Kpop聖地巡り,【閲覧注意】最恐の心霊スポットがヤバすぎた😱😱😱#心霊現象,しゅんぴ,2025-10-18,32404,248,26,10.386068010861816
603,韓国ドラマロケ地,韓国時代劇制作施設「大長今パーク」ドラマで見ていた場所を生で見て感動🥹韓国時代劇が好きな方必見。ソウル訪れた際は是非訪れて見て下さい。,おじさま倶楽部,2023-09-30,27220,109,28,10.211744013223518
604,Kpop聖地巡り,一蘭に聖地巡礼しまくるK-POPアイドル　 #SEVENTEEN #ENHYPEN #kpop,K部長の私生活,2024-12-31,26375,508,2,10.180209784751566
605,Kpop聖地巡り,EMOOTE 『スポットライト』Music Video③  #dance  #jpop #idol #electronicmusic #japan #tokyo #ダンス,EMOOTE Channel,2023-11-13,26345,1865,1,10.179071739789773
606,Kpop聖地巡り,【最新‼️保存版】話題の聖水新スポット🇰🇷見ないと損🚨ソンス周辺エリア/ソウルの森,I Korea U 아이코,2025-09-15,25549,204,9,10.14839259563185
607,韓国ドラマロケ地,韓ドラfan  あるある編　ロケ地巡りが出来るほど何度も使われる家屋敷,ミセスGREENの韓ドラfanチャンネル,2021-09-16,23903,53,3,10.081801087932543
608,韓国ドラマロケ地,【韓国時代劇ロケ地】「赤い袖先」「新米史官ク・ヘリョン」「赤い丹心」,話せる私に出会う韓国語,2023-09-26,23064,114,7,10.04607159599192
609,韓国ドラマロケ地,【Netflix】新作韓国ドラマから飛び出し７人のイケメンたち,夜な夜なドラマ・映画,2025-10-02,22430,76,3,10.018199209668024
610,韓国ドラマロケ地,『韓国ドラマロケ地巡り』オクニョ運命の女ロケ地【チンセヨン×コス】,たこやき韓ドラ情報局,2020-12-07,19661,144,7,9.88644311792687
611,Kpop聖地巡り,明洞KPOP専門店の品揃え調査 #明洞ショッピング #韓国旅行情報 #韓国アイドル #kpopグッズ #韓国情報,せかりい　オトナ渡韓,2024-09-27,19656,348,4,9.8861887879578
612,韓国ドラマロケ地,【神回】念願の韓国ドラマロケ地巡りしてきたよ🇰🇷,韓国情報メディア編集長まじゅ,2022-08-19,19148,236,13,9.860005773924167
613,韓国ドラマロケ地,【韓ドラFAN必見】韓ドラ14作品のロケ地が集結する街、ファンなら絶対に知っておきたいロケ地まとめ｜ソンジェ背負って走れ・ウ・ヨンウ・梨泰院クラス・その年私たちは｜など,シギシギの韓国案内,2025-05-17,19065,271,6,9.855661923053523
614,Kpop聖地巡り,【鬼企画】街中でKPOPアイドル100人見つけるまで帰れませんが過酷すぎたwwwwwww,シホるん/shihorun,2024-04-29,18733,474,25,9.838095333769076
615,韓国ドラマロケ地,【韓国時代劇ロケ地】「100日の郎軍様」、「チャングムの誓い」、「トンイ」、「私の国」、「光海 王になった男」他,話せる私に出会う韓国語,2023-07-08,18606,72,5,9.831293132987641
616,Kpop聖地巡り,藤井風　聖地めぐり／2019NY武者修行,juntarue,2024-06-12,18481,776,19,9.824552564447986
617,韓国ドラマロケ地,韓国🇰🇷明洞近くの韓国ドラマロケ地|明洞と南大門の特別な楽しみ方|ソウルグルメ、カフェ🍰|seoul,piyokoの韓国Lab.,2021-10-30,17266,872,143,9.75655244441243
618,韓国ドラマロケ地,【KOREA🇰🇷vlog♯3】韓国ドラマ好きの皆様集合！龍仁大長今パーク行ってきた！奇皇后/太陽を抱く月/トンイ/イサン/ドラマロケ地巡り/BTSが撮影したところ！ハジウォンファン目線/韓国旅行,OHISAMA CHANNEL 🌏,2022-10-14,15825,115,11,9.669409436169138
619,韓国ドラマロケ地,【韓国ドラマロケ地🎥】『賢い医師生活』に登場した「ユルジェ病院」ロケ地をご紹介❗ #shorts,KOARI Channel,2022-12-01,15394,0,0,9.641798060358601
620,Kpop聖地巡り,📍弘大のおすすめスポット一覧（店名＋,ジンくん『韓国旅行ガイド』,2025-07-17,15351,224,2,9.639001037687535
621,韓国ドラマロケ地,10月韓国ひとり旅l やっぱりソウルが好きl ゲストハウスのメリットデメリットl スジェビl ペントハウス4があったl 韓国ドラマロケ地l 大韓航空l KALラウンジl 60代主婦l シニアライフ,Haru / 60代主婦の生き方,2024-10-31,14488,175,24,9.581145019820722
622,Kpop聖地巡り,バンコク新スポット「SAMYAN MITRTOWN」を楽しむ！,Nasi-Chan,2019-11-13,13562,349,70,9.515100775962715
623,韓国ドラマロケ地,【イユリ】全国民の敵と呼ばれ、韓国ドラマ史上最高の悪役を熱演した韓国女優,たこやき韓ドラ情報局,2021-06-22,13451,53,6,9.50688307286016
624,Kpop聖地巡り,ENHYPEN聖地巡り韓国旅行vlog🇰🇷🤍#enhypen #engene #korea #vlog #jk #jungwon #정원 #エンハイプン #韓国旅行,ももな♡vlog,2025-06-08,13237,250,9,9.490846760678869
625,Kpop聖地巡り,【もう行った？】明洞で買えるK-POPグッズ店#渡韓 #ソウル旅行 #韓国ショッピング #韓国旅行 #韓国旅行vlog #ソウル #韓国コスメ #海外旅行,【韓国情報】どんどんコリア,2024-04-10,12810,341,3,9.458059455856434
626,韓国ドラマロケ地,韓国ドラマ｢トッケビ｣ロケ地②드라마「도깨비」촬영지②Filming location of K-drama &quot;Guardian: The Lonely and Great God&quot;②｜韓国CA日常,ソンちゃんねる /Sun Channel,2021-02-13,12743,174,18,9.452815851589884
627,韓国ドラマロケ地,【韓ドラFAN必見】空港からたった10分!! 韓ドラ44作品のロケ地が集まる街とは?!?!｜賢い医師生活・恋するムービー・埋もれた心・ナインパズルなど,シギシギの韓国案内,2025-05-30,12416,184,9,9.426821780416843
628,韓国ドラマロケ地,応答せよ2021-韓国ドラマの全て！,오사카한국문화원 大阪韓国文化院,2021-12-11,11548,391,26,9.354354132115088
629,韓国ドラマロケ地,【韓国ドラマ】「椿の花咲く頃」ロケ地巡り〜クリョンポ編①〜カメリア・ポスター撮影場所など,Misa韓ドラGuide,2020-02-09,11329,220,4,9.335209354022052
630,韓国ドラマロケ地,韓国在住11年目の日本人が行く‼︎韓国ドラマロケ地⇆【ソウル編】ここまでやるか⁉️私のおじさんは何処に・・・🚹ハンガンでラーメン作ったよ🍜今回は涙が止まりませんでした😭マイ・ディア・ミスター👨,サキシェキ☆사키쉐키,2023-04-18,11181,244,43,9.32206062158659
631,Kpop聖地巡り,【大阪で聖地巡り】🚃JR大阪駅前🖐️ダンスしてた🎉#RIIZE#ショウタロウ,キャンディの旅ちゃんねる,2024-08-31,10871,300,1,9.29394595583098
632,Kpop聖地巡り,ソウルBTS聖地巡礼ツアー💜　#bts #btsarmy #army #hybe #bighit #オンラインサロン #菊田あや子 #bts聖地巡り #韓国ツアー #armybts #bts聖地巡礼,菊田あや子BTSについて語る,2023-08-15,10086,127,2,9.219002745054835
633,Kpop聖地巡り,🇰🇷#2【韓国旅行】釜山の有名BTS聖地巡りJIMINパパカフェにやってきた！韓国現地バスで行く方法/釜山 食べ歩き 韓国カフェ,I Korea U 아이코,2023-08-24,8743,127,10,9.076123029856374
634,Kpop聖地巡り,【aespaのオススメスポット!!】オシャレで美味しいジェラート屋をSNSで共有したウィンニン!行ってみるしかないでしょ🫨,韓国オタクは情報通,2025-07-18,7369,123,4,8.905172985183382
635,Kpop聖地巡り,memoriesの元気チャージスポット‼️#niziu #ニジュー,りおねぇ,2025-03-07,7264,307,0,8.890823576004383
636,Kpop聖地巡り,🇰🇷#5【韓国旅行】釜山の有名BTS聖地巡りJIMINパパがおすすめするジミンで埋め尽くされてる韓国中華料理グルメ,I Korea U 아이코,2023-08-29,7198,146,8,8.881697406469304
637,Kpop聖地巡り,大森元貴、幻想スポットライトが話題騒然！「神々しい」「鳥肌」広がる一瞬,Japan Trends News,2025-11-20,6887,147,2,8.837536046107568
638,Kpop聖地巡り,藤井風　聖地めぐり／トッパンガ＋マリブピア,juntarue,2024-06-02,6606,326,7,8.795884972029885
639,Kpop聖地巡り,【K-pop好き必見🔥】韓国おすすめ推し活スポット3選　#shorts #韓国仕入れ #韓国アイドル #kpop #韓国旅行 #推し紹介 #kwangya #,どんどんコリア / 韓国バイヤー,2023-03-28,6390,228,1,8.762646029650282
640,Kpop聖地巡り,新大久保で推し活しよっ✨激アツスポット行ってきました😆💎#트레저 #treasure #kpop #トゥメ #推し活 #新大久保 #トレカ #shorts,にょいっとね,2025-06-20,6284,110,8,8.745921121024347
641,Kpop聖地巡り,お花見と一緒にめぐりたいNumber_iゆかりの推しスポット #number_i #god_i,Number_i x No.1,2025-03-29,5871,733,3,8.677950570294351
642,Kpop聖地巡り,弾丸日帰り香港LIVE旅　#藤井風　聖地巡りRUN 10.9km,juntarue,2025-01-06,5769,255,2,8.660427359502146
643,Kpop聖地巡り,乙支路（ウルチロ）カフェ巡り/BTSの聖地喫茶店/空港カフェ/ホテルカフェ/ソウルのホットスポット,バタ子の50歳からの地球の歩き方,2025-06-06,5462,102,2,8.605753368395717
644,Kpop聖地巡り,最大拡大 中盤 IMP 「SWITCHing」Dance Practice ver  影山拓也スポットライト,IMP.SHOWTIME,2024-02-12,4901,231,6,8.497398564088058
645,Kpop聖地巡り,365♡ #kpop #BTS#btsarmy #army #hybe #菊田あや子 #BTS聖地巡り #BTS聖地巡礼#韓国ツアー #韓国旅行,菊田あや子BTSについて語る,2023-12-25,4455,152,3,8.40200678160712
646,Kpop聖地巡り,最大拡大 中盤 IMP 「SWITCHing」Dance Practice ver  椿泰我スポットライト,IMP.SHOWTIME,2024-02-12,4295,383,2,8.3654396361887
647,Kpop聖地巡り,【#金城碧海 】SKYmailの聖地巡り inディッパーダン渋谷【#JO1 #JO1グルメ】,ゆきらく(Yukiraku)JAM,2025-05-25,3934,90,0,8.277666160851503
648,Kpop聖地巡り,BTSの聖地めぐりを効率よく周る方法　#BTS聖地巡り　#BTS聖地　#btsarmy,さとはるのちゃんねる,2024-06-07,3786,79,4,8.239329427901795
649,Kpop聖地巡り,【韓国で話題🇰🇷】新大久保の新ホットスポット大紹介！！#ドローイング #カフェ #推し活 #推し活カフェ #新大久保 #riize #aespa #korea #kpop #韓国 #myfave,韓国オタクは情報通,2024-12-12,3493,41,0,8.158802490694002
650,Kpop聖地巡り,【ROLAND GROUP】ホストが教えるミナミの穴場スポット #ホスト #ローランド #なにわ男子 #優士 #rg#kpop #ドキュメンタリー #ジャニーズ#韓国#BIGBANG#ジードラゴン,てるてるランド【月神てるや】테루야,2025-12-05,3377,38,2,8.125039097367745
651,Kpop聖地巡り,五月雨(Samidare)聖地巡礼VLOG近日投稿します💗@andTEAM_official #andTEAM #いすみ鉄道,WACO CHANNEL🐙💗,2024-06-02,3324,267,2,8.109224953089955
652,Kpop聖地巡り,ばつ丸のカイセイさんぽ聖地巡り in 大阪🥰🚶🚶 #MAZZEL #カイセイさんぽ #ぬい撮り,あまから,2024-10-21,3123,136,1,8.046869510959576
653,Kpop聖地巡り,【#川尻蓮 】蓮くん言ったメリーゴーランド🎠 スポット🦊 初4DXもJO1を観た【#JO1 #REN #channel  #TakeYourCHANCE 】,ゆきらく(Yukiraku)JAM,2026-02-05,3108,122,0,8.042056410058754
654,Kpop聖地巡り,グクちゃんに遭遇⁉️#kpop #bts #btsarmy #army #hybe #bighit #オンラインサロン #菊田あや子 #bts聖地巡り #韓国ツアー #armybts #bts聖地巡礼,菊田あや子BTSについて語る,2023-08-15,3034,83,1,8.017966703493599
655,Kpop聖地巡り,I&#39;ll have the bulgogi. #army #bts #btsarmy #bts聖地巡り #bts聖地巡礼 #hybe #kpop #大邱 #菊田あや子 #bulgogi,菊田あや子BTSについて語る,2023-12-14,2979,84,0,7.9996785794994505
656,Kpop聖地巡り,韓国アイドル好き必見‼️韓国おすすめスポット🇰🇷  #韓国おすすめ　#韓国旅行　#AKプラザ　#WITHMUU #ホンデ　#ソウル旅行　#韓国アイドル　#ペンライト#弘大 #k-pop,Meg🐰,2023-06-20,2888,0,1,7.968665700466235
657,Kpop聖地巡り,映えスポットでK-POP踊ってみた,RyoKaren,2021-12-11,2848,96,11,7.954723334497908
658,Kpop聖地巡り,ソウルに到着💜 #kpop #bts #btsarmy #army #hybe #bighit #オンラインサロン #菊田あや子 #bts聖地巡り #韓国ツアー #armybts #bts聖地巡礼,菊田あや子BTSについて語る,2023-08-15,2830,61,0,7.9483852851118995
659,Kpop聖地巡り,2025年BTS活動再開に向けて！　#kpop #BTS#btsarmy #army #hybe  #菊田あや子 #BTS聖地巡り #BTS聖地巡礼#韓国ツアー #韓国旅行,菊田あや子BTSについて語る,2024-10-24,2474,47,0,7.813995675002791
660,Kpop聖地巡り,TWICExGigo 池袋総本店にラブリーたくさんの映えスポットがあったよー！！近くに行ったら、推し活に活用してね🤍💜 #kpop #twice #shorts,Kぽヲタのにゃんこさん,2025-08-16,2263,48,4,7.724888439323074
661,Kpop聖地巡り,マシッソヨ💜#army #オンラインサロン #菊田あや子 #菊田あや子のstaygold #bts聖地巡り #韓国ツアー #armybts #ヨンチョンヨンファ,菊田あや子BTSについて語る,2023-05-25,2004,29,0,7.60339933974067
662,Kpop聖地巡り,【清涼感】NOWADAYSが人気スポット ハートのアーチ前でTICKET踊ってみた!!#NOWADAYS,動画、はじめてみました【テレビ朝日公式】,2024-08-23,1939,49,0,7.570443252057374
663,Kpop聖地巡り,釜山大邱♡ #kpop #BTS#btsarmy #army #hybe #菊田あや子 #BTS聖地巡り #BTS聖地巡礼#韓国ツアー #韓国旅行,菊田あや子BTSについて語る,2023-12-25,1917,47,0,7.559038255443384
664,Kpop聖地巡り,釜山♡ #kpop #BTS#btsarmy #army #hybe #菊田あや子 #BTS聖地巡り #BTS聖地巡礼#韓国ツアー #韓国旅行,菊田あや子BTSについて語る,2023-12-25,1890,54,2,7.544861068658458
665,Kpop聖地巡り,2023♡ #kpop #BTS#btsarmy #army #hybe #菊田あや子 #BTS聖地巡り #BTS聖地巡礼#韓国ツアー #韓国旅行,菊田あや子BTSについて語る,2023-12-25,1841,74,0,7.518607216815252
666,Kpop聖地巡り,【BTS聖地】聖地巡りin原宿表参道まとめ #bts #btsarmy #armyvlog #アミ活 #防弾少年団 #バンタン #bts聖地巡礼 #gcf #bts東京,miko,2024-02-29,1805,36,2,7.498869733976931
667,Kpop聖地巡り,2019サマーパッケージ『オソン韓屋村』♡ #kpop #BTS#btsarmy #army #hybe #菊田あや子 #BTS聖地巡り #BTS聖地巡礼#韓国ツアー #韓国旅行#光州 #オソン韓屋村,菊田あや子BTSについて語る,2024-12-08,1763,46,0,7.475339236566737
668,Kpop聖地巡り,BTS Festa2024 ハイブに行ってきたよ　#bts聖地巡り #btsfesta2024,さとはるのちゃんねる,2024-06-15,1754,44,6,7.470224135899966
669,Kpop聖地巡り,日本のお気に入りスポットや美味しかった食べ物は？ #kep1er #kep1ian,Kitto,2023-12-05,1749,43,0,7.4673710669175595
670,Kpop聖地巡り,LINE💜 #kpop #bts #btsarmy #army #hybe #bighit #オンラインサロン #菊田あや子 #bts聖地巡り #韓国ツアー #armybts #bts聖地巡礼,菊田あや子BTSについて語る,2023-08-15,1655,39,2,7.412160334945205
671,Kpop聖地巡り,2023 #kpop #BTS#btsarmy #army #hybe #菊田あや子 #BTS聖地巡り #BTS聖地巡礼#韓国ツアー #韓国旅行,菊田あや子BTSについて語る,2023-12-25,1564,25,0,7.355641102974253
672,Kpop聖地巡り,【𝙊𝙉𝘾𝙀 𝙑𝙇𝙊𝙂】 8/23TWICEバンテリンドーム参戦☆聖地巡り☆名古屋カフェ☆,yui,2025-08-28,1533,26,0,7.335633981927201
673,Kpop聖地巡り,乾杯🍻　#kpop #bts #btsarmy #army #hybe #bighit #オンラインサロン #菊田あや子 #bts聖地巡り #韓国ツアー #armybts #bts聖地巡礼,菊田あや子BTSについて語る,2023-08-15,1519,23,1,7.326465613840322
674,Kpop聖地巡り,トゥメさん必見！ヲタ活スポットを紹介するよ︎︎^_ｰ ☆ #韓国 #韓国留学 #韓国旅行 #トレジャー #treasure #bonabona #reboot,cona2,2023-08-03,1304,52,0,7.173958319756794
675,Kpop聖地巡り,k-popオタク歴２桁に突入した女がただ聖地巡りをして喜ぶvlog.(続きは@nenelog9047 からみれます！),nenelog,2022-12-02,1274,30,0,7.150701457592526
676,Kpop聖地巡り,【NiziU】推しを追いかけいざ韓国へ!!サノク、センイル、聖地巡りレポ Part1,けーすけHOUSE 《WithUのたまり場》,2025-04-19,1254,122,11,7.134890851565884
677,Kpop聖地巡り,[BTS聖地] JIMIN vlog in Paris パリ聖地巡り🇫🇷 [ジミン],はるころch 🐱하루코로ch 일본아미 일상🐱,2024-07-23,1214,56,0,7.102499355774649
678,Kpop聖地巡り,KPOPアイドル行きつけ！？韓国江原道で流行りの人気スポット！【第2弾】,skyticket （スカイチケット）,2022-10-28,1160,21,0,7.057036981697891
679,Kpop聖地巡り,【韓国旅行vlog】K-POP聖地巡り✨弘大ショッピングのおすすめスポット大公開,らあ 【RAA's Vlogs】,2023-05-26,1141,19,0,7.040536390215956
680,Kpop聖地巡り,韓国おすすめスポットをAPOKIが紹介！EXO カイも訪れたトレンド最先端の遊び場「Peaches D8NE」,Kstyle,2022-01-24,1079,21,1,6.984716320118266
